rss,cr,ballistic_phase10_deg,n,bx_gse_mean,bmag_mean,pfss_equator_signed_mean,pfss_global_signed_mean,omni_radial_polarity_proxy,pfss_equator_polarity_proxy,pfss_global_polarity_proxy
2.0,2281,0.0,12,-2.3166666800777116,5.225000063578288,0.19143401949180308,0.15828889291826617,1.0,1.0,1.0
2.0,2281,10.0,22,-3.3272727372294124,7.6954544674266465,0.3319954164296367,0.23100685848267596,1.0,1.0,1.0
2.0,2281,20.0,4,-3.800000011920929,7.8500001430511475,0.4854925741174191,0.3090309744022236,1.0,1.0,1.0
2.0,2281,30.0,22,-3.663636402650313,6.731818199157715,0.5066504693136117,0.3191421294135282,1.0,1.0,1.0
2.0,2281,40.0,11,-0.9727272662249479,6.0545454892245205,0.4446258861381121,0.2847845601182394,1.0,1.0,1.0
2.0,2281,50.0,22,-1.0454545464705338,4.768181865865534,0.2514616139386445,0.17544208395710997,1.0,1.0,1.0
2.0,2281,60.0,16,1.6750000081956387,5.106250032782555,0.07923463089967932,0.07613678585536617,-1.0,1.0,1.0
2.0,2281,70.0,5,1.540000057220459,5.060000038146972,-0.06032695494480145,-0.006508484164654179,-1.0,-1.0,-1.0
2.0,2281,80.0,11,3.8363637057217685,8.74545448476618,-0.19943651254601819,-0.09616752526552301,-1.0,-1.0,-1.0
2.0,2281,90.0,19,3.615789443254471,10.1736841954683,-0.25586666970813543,-0.14045000410307149,-1.0,-1.0,-1.0
2.0,2281,100.0,12,5.033333361148834,9.899999936421713,-0.2536379202769154,-0.14415872224747356,-1.0,-1.0,-1.0
2.0,2281,110.0,15,2.7266666809717814,5.793333371480306,-0.20011048219684965,-0.11540031785127956,-1.0,-1.0,-1.0
2.0,2281,120.0,29,2.4034482713403373,3.968965505731517,-0.11021566999570793,-0.060924595983552994,-1.0,-1.0,-1.0
2.0,2281,130.0,6,1.8666666845480602,3.7333333492279053,-0.028813885711218384,-0.012580244715811867,-1.0,-1.0,-1.0
2.0,2281,140.0,32,2.6187499798834324,3.7281250059604645,0.09242901382784055,0.05551871801302615,-1.0,1.0,1.0
2.0,2281,150.0,48,0.8416666748623053,3.791666656732559,0.1663611935825249,0.09470652190660588,-1.0,1.0,1.0
2.0,2281,160.0,13,0.12307693293461436,3.438461505449735,0.17533228444147703,0.09904639915038087,-1.0,1.0,1.0
2.0,2281,170.0,5,4.059999942779541,15.3,0.0628639423508503,0.030715388649075342,-1.0,1.0,1.0
2.0,2281,180.0,16,0.6937500131316483,13.012500047683716,-0.02181345200582547,-0.02489100394872692,-1.0,-1.0,-1.0
2.0,2281,190.0,10,-1.2700000286102298,10.719999980926513,-0.1378580863768176,-0.10710373400192177,1.0,-1.0,-1.0
2.0,2281,200.0,12,-1.6500000121692817,9.991666634877523,-0.23146793290296908,-0.1843959693581109,1.0,-1.0,-1.0
2.0,2281,210.0,17,-1.4647058866479818,5.78823532777674,-0.2425818905233074,-0.20704133587037016,1.0,-1.0,-1.0
2.0,2281,220.0,17,-2.117647032089093,5.911764705882353,-0.19514203262017432,-0.19271154975451502,1.0,-1.0,-1.0
2.0,2281,230.0,13,-0.7153846329221358,4.738461567805364,-0.15672617205156858,-0.1742844487708883,1.0,-1.0,-1.0
2.0,2281,240.0,16,1.1749999960884452,4.606249988079071,-0.12172498142402177,-0.15297225772178571,-1.0,-1.0,-1.0
2.0,2281,250.0,10,3.1799999594688417,6.429999971389771,-0.10355058005827185,-0.137151892449633,-1.0,-1.0,-1.0
2.0,2281,260.0,16,3.649999976158142,5.306250035762787,-0.06875069213986165,-0.10799413140551126,-1.0,-1.0,-1.0
2.0,2281,270.0,24,2.162500005836288,5.020833333333333,-0.043425305904619245,-0.08859162498729532,-1.0,-1.0,-1.0
2.0,2281,280.0,25,0.6319999897480011,3.8160000038146973,-0.012345211052607632,-0.06261174630643607,-1.0,-1.0,-1.0
2.0,2281,290.0,25,-1.1519999885559082,3.8239999771118165,-0.002233503247633052,-0.048267335247185274,1.0,-1.0,-1.0
2.0,2281,300.0,9,-3.8444444603390164,6.733333322736952,0.002272192832261167,-0.0294906090916183,1.0,1.0,-1.0
2.0,2281,310.0,18,0.7111111150847541,5.744444449742635,0.021180253240928218,0.010003040130641539,-1.0,1.0,1.0
2.0,2281,320.0,22,0.4772727435285395,6.104545441540805,0.03047532871310409,0.031855216779928114,-1.0,1.0,1.0
2.0,2281,330.0,35,-1.874285682610103,5.817142881665911,0.03398056635051054,0.054954631513463775,1.0,1.0,1.0
2.0,2281,340.0,27,-3.5851851679660656,6.733333322736952,0.04889011312730287,0.07450085294261435,1.0,1.0,1.0
2.0,2281,350.0,27,-1.933333331236133,3.8851851887173123,0.08888857843847481,0.10162531638724633,1.0,1.0,1.0
2.0,2283,0.0,9,-0.16666663355297512,4.555555529064602,-0.0010053676447486443,0.032217699588290745,1.0,-1.0,1.0
2.0,2283,10.0,26,2.534615390575849,4.18461537361145,0.1532985592104243,0.11651790566648851,-1.0,1.0,1.0
2.0,2283,20.0,10,0.030000010132789613,7.350000047683716,0.28071288942945305,0.18279829444044804,-1.0,1.0,1.0
2.0,2283,30.0,12,-0.574999988079071,9.858333428700766,0.35606181777542384,0.2199127926953165,1.0,1.0,1.0
2.0,2283,40.0,26,0.003846160207803433,8.1423076574619,0.3663211728293224,0.22025941675183275,-1.0,1.0,1.0
2.0,2283,50.0,13,2.5769231090178857,7.038461501781757,0.2860602137944356,0.16874169414070445,-1.0,1.0,1.0
2.0,2283,60.0,25,-0.7360000145435334,6.163999977111817,0.1749775256998649,0.10066859373982599,1.0,1.0,1.0
2.0,2283,70.0,5,2.9800000190734863,10.379999828338622,0.023892884235961243,0.00995403898054832,-1.0,1.0,1.0
2.0,2283,80.0,7,2.82857141324452,14.728571483067103,-0.08940071843358188,-0.05727140955638223,-1.0,-1.0,-1.0
2.0,2283,90.0,9,1.9888888465033636,10.944444391462538,-0.15658381970279128,-0.09672939635437273,-1.0,-1.0,-1.0
2.0,2283,100.0,28,1.2142856988523687,4.396428576537541,-0.15455334422864042,-0.09430349171443689,-1.0,-1.0,-1.0
2.0,2283,110.0,12,0.4166666691501935,5.691666603088379,-0.11790846364577544,-0.06833060693708244,-1.0,-1.0,-1.0
2.0,2283,120.0,36,2.8333333200878568,6.263888888888889,-0.08057772023687272,-0.040429838696413936,-1.0,-1.0,-1.0
2.0,2283,130.0,22,1.9500000124627894,5.654545458880338,-0.03910232987316675,-0.011052315626274432,-1.0,-1.0,-1.0
2.0,2283,140.0,41,2.36585364799674,4.024390238087352,0.019511612493584678,0.019412800071299655,-1.0,1.0,1.0
2.0,2283,150.0,7,3.4857142993382046,5.900000027247837,0.07240003017542039,0.04114515032162409,-1.0,1.0,1.0
2.0,2283,160.0,19,1.9315789467410038,10.531578867059006,0.19613734606619304,0.08276747700008258,-1.0,1.0,1.0
2.0,2283,170.0,7,-3.971428598676409,12.300000054495674,0.2656187613303591,0.09726208457543604,1.0,1.0,1.0
2.0,2283,180.0,3,-5.899999936421712,14.333333651224772,0.2840687187351797,0.07023629270453396,1.0,1.0,1.0
2.0,2283,190.0,16,-3.374999988824129,8.712500035762787,0.21783324681650737,0.014846805929782332,1.0,1.0,1.0
2.0,2283,200.0,18,-2.372222246395217,5.433333343929714,0.08999434894199036,-0.06502187219543082,1.0,1.0,-1.0
2.0,2283,210.0,13,-2.5076923186962423,5.276923032907339,-0.15309021530039105,-0.1858737016587137,1.0,-1.0,-1.0
2.0,2283,220.0,30,0.10000000049670539,3.303333334128062,-0.2917300042408982,-0.2377305094425549,-1.0,-1.0,-1.0
2.0,2283,230.0,32,-0.40937502426095307,11.000000029802322,-0.3490032103321682,-0.23807277852171202,1.0,-1.0,-1.0
2.0,2283,240.0,16,1.181249987334013,9.162499994039536,-0.31488403113545316,-0.20629700138223092,-1.0,-1.0,-1.0
2.0,2283,250.0,3,6.866666793823242,18.233333269755047,-0.20340196287673526,-0.1296895978173887,-1.0,-1.0,-1.0
2.0,2283,260.0,5,3.4,19.41999969482422,-0.12096046423287818,-0.0761918639358693,-1.0,-1.0,-1.0
2.0,2283,270.0,26,-2.5038461731030393,4.173076895567087,-0.012550502110990954,-0.004451610580080908,1.0,-1.0,-1.0
2.0,2283,280.0,25,-2.4080000004172324,4.792000012397766,0.03100610921754917,0.02597538030818588,1.0,1.0,1.0
2.0,2283,290.0,9,0.866666661368476,8.433333343929714,0.07996375508904978,0.06428929221813345,-1.0,1.0,1.0
2.0,2283,300.0,10,-2.1600000143051146,7.940000009536743,0.07963410850886296,0.06832957123620412,1.0,1.0,1.0
2.0,2283,310.0,10,-2.8600000217556953,7.030000019073486,0.03757245599671103,0.04821669517255825,1.0,1.0,1.0
2.0,2283,320.0,19,-2.3736842102126072,6.357894746880782,-0.01010877786870058,0.022078661069016087,1.0,-1.0,1.0
2.0,2283,330.0,16,-1.8499999977648258,5.924999982118607,-0.06938444249546297,-0.011448019914790393,1.0,-1.0,-1.0
2.0,2283,340.0,31,-2.167741943751612,4.6806451274502665,-0.10254429064425971,-0.029106383012082307,1.0,-1.0,-1.0
2.0,2283,350.0,33,-2.0272727276791227,4.033333337668217,-0.08381867744392475,-0.016007513891050745,1.0,-1.0,-1.0
2.0,2284,0.0,12,-0.31666665089627105,3.375,-0.22061489533496534,-0.14856458147542198,1.0,-1.0,-1.0
2.0,2284,10.0,3,-1.7666667302449544,3.0,-0.1668539033581304,-0.1209558045948767,1.0,-1.0,-1.0
2.0,2284,20.0,2,-0.3500000238418579,23.300000190734863,0.1263348516147617,0.047663533785967105,1.0,1.0,1.0
2.0,2284,30.0,16,-11.12500000745058,40.42500019073486,0.34326684880514235,0.17808459375515392,1.0,1.0,1.0
2.0,2284,40.0,7,-6.314285721097674,18.74285752432687,0.47686803154821017,0.2596453791308862,1.0,1.0,1.0
2.0,2284,50.0,17,-1.6764705531737383,8.464705803815056,0.4831709283417672,0.2636256051260963,1.0,1.0,1.0
2.0,2284,60.0,51,-1.3078431485622537,6.421568636800728,0.3840294415283151,0.2046481541607589,1.0,1.0,1.0
2.0,2284,70.0,33,-2.7636363531152406,3.9151514876972544,0.22647029732478902,0.11403116183192523,1.0,1.0,1.0
2.0,2284,80.0,27,-0.1148148170775838,7.681481414371067,0.10618920450368396,0.04811607173082361,1.0,1.0,1.0
2.0,2284,90.0,12,2.616666660954555,9.083333333333334,0.041176595277076525,0.013933132955103076,-1.0,1.0,1.0
2.0,2284,100.0,18,5.53333334128062,11.833333333333334,0.00059249910585915,-0.006703584205072089,-1.0,1.0,-1.0
2.0,2284,110.0,26,-2.6615384496175327,6.630769234437209,0.0170733403852259,0.0008040218888701346,1.0,1.0,1.0
2.0,2284,120.0,20,-1.5700000084936618,7.990000009536743,0.039583695670888396,0.009577767303647915,1.0,1.0,1.0
2.0,2284,130.0,22,-3.0681818215684458,5.672727303071455,0.0071282451406904776,-0.00857031808440501,1.0,1.0,-1.0
2.0,2284,140.0,11,-3.2272727489471436,5.954545497894287,-0.06519841050248518,-0.04826223011384901,1.0,-1.0,-1.0
2.0,2284,150.0,27,-1.3111111116078165,6.448148197597927,-0.13461069895257546,-0.09543632258498153,1.0,-1.0,-1.0
2.0,2284,160.0,15,-0.7466666713356972,6.399999936421712,-0.07933058139080412,-0.08853933382023725,1.0,-1.0,-1.0
2.0,2284,170.0,17,1.1705882181139553,7.288235299727496,0.02822831878670206,-0.05011565878249807,-1.0,1.0,-1.0
2.0,2284,180.0,20,-0.1900000050663948,7.8399999141693115,0.2421247886372077,0.037325201662518834,1.0,1.0,1.0
2.0,2284,190.0,15,-4.026666680971782,7.7,0.37627082825715885,0.09749249710766428,1.0,1.0,1.0
2.0,2284,200.0,18,-4.655555612511105,6.016666677263048,0.39486336901320646,0.10968800861837966,1.0,1.0,1.0
2.0,2284,210.0,19,-3.6421052672361074,6.152631508676629,0.268047496010942,0.056424201397364336,1.0,1.0,1.0
2.0,2284,220.0,22,-2.6909091147509487,5.586363651535728,-0.004960633066978109,-0.06554257733435831,1.0,-1.0,-1.0
2.0,2284,230.0,30,-1.576666670292616,5.203333338101705,-0.1749182247569462,-0.14286312484116884,1.0,-1.0,-1.0
2.0,2284,240.0,12,0.39166667064030963,9.400000055631002,-0.3153488930723607,-0.20665956173072428,-1.0,-1.0,-1.0
2.0,2284,250.0,18,0.68888885817594,7.838888896836175,-0.303951290640197,-0.1991556376039657,-1.0,-1.0,-1.0
2.0,2284,260.0,13,-1.5307692054372568,6.761538450534527,-0.21141372088687468,-0.14967451541155152,1.0,-1.0,-1.0
2.0,2284,270.0,21,0.5619047621176356,5.785714285714286,-0.09756762858726045,-0.08680907810922228,-1.0,-1.0,-1.0
2.0,2284,280.0,25,0.6120000076293945,3.831999969482422,0.01988621498066076,-0.019078873185614804,-1.0,1.0,-1.0
2.0,2284,290.0,2,0.04999995231628418,13.150000095367432,0.1490521461728232,0.0582673012540635,-1.0,1.0,1.0
2.0,2284,300.0,6,-3.9333333174387612,14.699999968210856,0.16249056098766,0.06626845436087807,1.0,1.0,1.0
2.0,2284,310.0,5,-4.239999905228615,13.65999984741211,0.16852103115666556,0.06886316027799716,1.0,1.0,1.0
2.0,2284,320.0,12,-2.6249999900658927,7.774999936421712,0.11515420322387566,0.03830785566470023,1.0,1.0,1.0
2.0,2284,330.0,19,-2.9789473884984066,4.8894737394232495,0.018625619204716382,-0.01448784410367572,1.0,1.0,-1.0
2.0,2284,340.0,28,-0.9142857188624995,3.582142812865121,-0.09755704984442908,-0.07760973415262565,1.0,-1.0,-1.0
2.0,2284,350.0,25,-1.7160000115633012,3.9960000038146974,-0.1929067693218151,-0.1307762380128968,1.0,-1.0,-1.0
2.0,2286,0.0,19,-1.4368421133411557,5.02631580202203,-0.2820255278267268,-0.14579010988610444,1.0,-1.0,-1.0
2.0,2286,10.0,19,-2.5157894617632817,7.978947413595099,-0.21734886486258734,-0.10106936003486751,1.0,-1.0,-1.0
2.0,2286,20.0,26,-4.099999966529699,6.053846120834351,-0.040687849289628764,0.008296746046862745,1.0,-1.0,1.0
2.0,2286,30.0,21,-4.323809510185605,6.309523786817278,0.12028682078593335,0.10078947105717533,1.0,1.0,1.0
2.0,2286,40.0,6,-3.216666658719381,6.450000047683716,0.2784610274448397,0.18693411727950635,1.0,1.0,1.0
2.0,2286,50.0,14,-3.2714285935674394,5.642857125827244,0.36245526500264885,0.2296884629209102,1.0,1.0,1.0
2.0,2286,60.0,9,-0.111111119389534,7.200000021192762,0.35173906360008006,0.22178148956533836,1.0,1.0,1.0
2.0,2286,70.0,25,0.04799999862909317,4.499999990463257,0.29778582251277796,0.1913172774443935,-1.0,1.0,1.0
2.0,2286,80.0,16,1.937499988824129,4.737500011920929,0.17471477066107255,0.12879479728447843,-1.0,1.0,1.0
2.0,2286,90.0,25,1.65200000166893,4.631999959945679,0.036148952995382636,0.06248063273428645,-1.0,1.0,1.0
2.0,2286,100.0,11,1.718181805854494,5.00909085707231,-0.07513290483933875,0.006830861713528,-1.0,-1.0,1.0
2.0,2286,110.0,21,4.752380927403768,6.190476167769659,-0.045905267713353355,0.018344783957839263,-1.0,-1.0,1.0
2.0,2286,120.0,20,-0.2999999761581421,4.475000011920929,0.012744202757029643,0.04576159351325633,1.0,1.0,1.0
2.0,2286,130.0,16,-0.7874999954365194,3.7687500566244125,0.04759264956614158,0.061902267952882416,1.0,1.0,1.0
2.0,2286,140.0,11,-1.309090913019397,4.0545454892245205,-0.018226806098970847,0.026246013931121966,1.0,-1.0,1.0
2.0,2286,150.0,6,-7.200000127156575,12.083333174387613,-0.23517687856713032,-0.09308631235544586,1.0,-1.0,-1.0
2.0,2286,160.0,13,-6.138461553133451,14.52307708446796,-0.3817322525931241,-0.18013175161448974,1.0,-1.0,-1.0
2.0,2286,170.0,25,-4.524000015258789,6.9319999885559085,-0.400050889730314,-0.21154212083813892,1.0,-1.0,-1.0
2.0,2286,180.0,39,-0.5102564035317837,4.353846164850088,-0.15665482930765579,-0.10654728904837214,1.0,-1.0,-1.0
2.0,2286,190.0,6,0.2333333045244217,3.666666626930237,0.06018892708796362,-0.0019148565632912666,-1.0,1.0,-1.0
2.0,2286,200.0,3,0.800000011920929,5.400000095367432,0.1362951844562892,0.0365481247362041,-1.0,1.0,1.0
2.0,2286,210.0,22,0.26363635977560823,4.545454567128962,0.07400978342889744,0.008817616846457606,-1.0,1.0,1.0
2.0,2286,220.0,27,0.09999999762685209,4.888888888888889,-0.13606727535265078,-0.10380570275757964,-1.0,-1.0,-1.0
2.0,2286,230.0,30,-2.2933333247900007,6.0700000365575155,-0.3221346136929678,-0.20879992817506304,1.0,-1.0,-1.0
2.0,2286,240.0,2,-9.150000095367432,16.850000381469727,-0.4919700314780799,-0.3031943546860256,1.0,-1.0,-1.0
2.0,2286,250.0,13,2.7923077069796047,14.192307839026817,-0.4782665727171013,-0.2912993609456174,-1.0,-1.0,-1.0
2.0,2286,260.0,23,0.9608695656061172,7.960869602535082,-0.37093118972787725,-0.22076574076769884,-1.0,-1.0,-1.0
2.0,2286,270.0,2,0.15000000596046448,10.75,-0.2406160686728033,-0.139757107156802,-1.0,-1.0,-1.0
2.0,2286,280.0,8,-5.287499953061342,12.162500143051147,0.093217339177661,0.05694532381587994,1.0,1.0,1.0
2.0,2286,290.0,3,-7.599999904632568,16.76666641235352,0.23623781007053266,0.13857005509762,1.0,1.0,1.0
2.0,2286,300.0,5,1.9800000190734863,12.079999923706055,0.3861912370366977,0.2257924087825373,-1.0,1.0,1.0
2.0,2286,310.0,39,-2.9743589982390404,7.769230781457363,0.38776060112320704,0.23123545198673398,1.0,1.0,1.0
2.0,2286,320.0,8,-3.7750000059604645,7.900000154972076,0.2745943660588569,0.17433905438116656,1.0,1.0,1.0
2.0,2286,330.0,11,-4.036363623358986,6.990909099578857,0.133023064255189,0.09769189570156402,1.0,1.0,1.0
2.0,2286,340.0,31,-2.022580628193194,3.58064519205401,-0.13068511697121535,-0.05546425299048285,1.0,-1.0,-1.0
2.0,2286,350.0,23,-1.156521753448507,4.217391283615775,-0.21557705622163997,-0.10697817129464528,1.0,-1.0,-1.0
2.0,2287,0.0,12,-2.2166666562358537,7.299999992052714,-0.1360323151416211,-0.11259027769130985,1.0,-1.0,-1.0
2.0,2287,10.0,26,-0.7000000064189618,9.988461622825035,-0.12399287957763112,-0.08980687772816065,1.0,-1.0,-1.0
2.0,2287,20.0,17,-3.311764672398567,7.252941159641042,-0.07704289530633478,-0.04163254967350671,1.0,-1.0,-1.0
2.0,2287,30.0,29,-1.786206914176201,6.758620689655173,-0.009159588239288792,0.008935165584249954,1.0,-1.0,1.0
2.0,2287,40.0,15,-3.806666656335195,9.686666711171467,0.11129752259141727,0.08543668519631066,1.0,1.0,1.0
2.0,2287,50.0,15,0.8599999775489171,14.493333307902018,0.29374726450607347,0.19178404968780835,-1.0,1.0,1.0
2.0,2287,60.0,3,-8.499999841054281,18.60000038146973,0.34868859453374695,0.22468008704579456,1.0,1.0,1.0
2.0,2287,70.0,8,-2.4875000715255737,10.662499904632568,0.34667331620592035,0.2333890439274517,1.0,1.0,1.0
2.0,2287,80.0,36,0.2777777608070109,4.4027777380413475,0.26906780370121547,0.1992944155428772,-1.0,1.0,1.0
2.0,2287,90.0,24,2.2708333283662796,5.404166638851166,0.10331321294481412,0.12291017179452048,-1.0,1.0,1.0
2.0,2287,100.0,23,2.5478260850776797,5.88695652588554,-0.0629418167213979,0.046426787893602044,-1.0,-1.0,1.0
2.0,2287,110.0,11,2.7818181948228315,6.463636311617765,-0.07595083799980439,0.04179368769670066,-1.0,-1.0,1.0
2.0,2287,120.0,22,1.1636363613334568,5.1954545757987285,0.05254109836800729,0.1009635486922603,-1.0,1.0,1.0
2.0,2287,130.0,8,0.4375000102445483,7.275000035762787,0.21448084937606587,0.16790022449302866,-1.0,1.0,1.0
2.0,2287,140.0,9,0.5999999377462599,10.133333312140572,0.29749840090276797,0.19301038876645274,-1.0,1.0,1.0
2.0,2287,150.0,13,-0.10000004218174861,17.58461541395921,0.1935644300213233,0.11645965050733534,1.0,1.0,1.0
2.0,2287,160.0,12,-2.85833332935969,19.53333322207133,-0.044198646340078716,-0.005496606128663433,1.0,-1.0,-1.0
2.0,2287,170.0,37,-6.267567594309111,16.702702599602777,-0.28665295676960134,-0.12371390217461911,1.0,-1.0,-1.0
2.0,2287,180.0,14,-1.8999999899949347,5.0071428673607965,-0.2933634412112886,-0.13350264010524618,1.0,-1.0,-1.0
2.0,2287,190.0,36,1.4888888698899083,7.2222222619586525,-0.16835579216226526,-0.08590832531976215,-1.0,-1.0,-1.0
2.0,2287,200.0,28,-1.4642856802259172,5.746428566319602,0.04183777505481791,-0.01048492436370195,1.0,1.0,-1.0
2.0,2287,210.0,10,-2.5700000166893004,5.869999980926513,0.032102048636917555,-0.02854353595335543,1.0,1.0,-1.0
2.0,2287,220.0,1,-2.700000047683716,12.300000190734863,-0.2658876784964267,-0.1910209804257109,1.0,-1.0,-1.0
2.0,2287,230.0,2,-1.800000011920929,17.899999618530273,-0.4577433257835104,-0.293852104521593,1.0,-1.0,-1.0
2.0,2287,240.0,38,0.6500000985045183,10.9000000326257,-0.5892077781595653,-0.3660815658072057,-1.0,-1.0,-1.0
2.0,2287,250.0,38,-3.584210515022278,6.742105308331941,-0.622129785041723,-0.38125538758856586,1.0,-1.0,-1.0
2.0,2287,260.0,14,-2.8285713962146213,6.007142918450492,-0.5369179352241004,-0.3261860121495941,1.0,-1.0,-1.0
2.0,2287,270.0,19,-3.6105263139072217,7.221052671733656,-0.3593274677981275,-0.21550919014429173,1.0,-1.0,-1.0
2.0,2287,280.0,12,-1.3416666487852733,8.416666706403097,-0.06101053601956998,-0.03820642106708822,1.0,-1.0,-1.0
2.0,2287,290.0,6,1.1999999781449635,8.96666661898295,0.1589646832052144,0.08523101748807303,-1.0,1.0,1.0
2.0,2287,310.0,28,-0.778571430593729,6.2607143095561435,0.3907217940442721,0.20325105091776807,1.0,1.0,1.0
2.0,2287,320.0,37,-1.5162162063895046,4.80810809135437,0.2781920325741614,0.13604595410972167,1.0,1.0,1.0
2.0,2287,330.0,6,-3.5,7.350000063578288,0.16212538448045904,0.06750706503173715,1.0,1.0,1.0
2.0,2287,350.0,25,-2.9120000076293944,9.83199993133545,-0.1189631854184146,-0.10402929292844242,1.0,-1.0,-1.0
2.0,2290,0.0,56,-0.19999998395464247,4.164285698107311,-0.34558167006728496,-0.188314970967672,1.0,-1.0,-1.0
2.0,2290,10.0,21,-2.366666643392472,6.214285759698777,-0.269791437064339,-0.13385093853270644,1.0,-1.0,-1.0
2.0,2290,20.0,11,-3.7181818051771685,8.109090935100209,-0.02714044684197787,0.009366341519521981,1.0,-1.0,1.0
2.0,2290,30.0,6,-6.266666650772095,8.033333460489908,0.14301486058469562,0.11410137424636928,1.0,1.0,1.0
2.0,2290,40.0,37,-1.3324324144302189,4.959459453015714,0.25667118271289846,0.1965411055340657,1.0,1.0,1.0
2.0,2290,50.0,21,4.038095224471319,5.97142862138294,0.3117474078688926,0.24239660807873392,-1.0,1.0,1.0
2.0,2290,60.0,11,4.445454548705708,7.636363679712469,0.3679174760723333,0.2813612279325099,-1.0,1.0,1.0
2.0,2290,70.0,2,7.0,13.300000190734863,0.409119162938575,0.30688411210720723,-1.0,1.0,1.0
2.0,2290,80.0,4,11.774999856948853,21.924999713897705,0.3400606830202967,0.27574328584280683,-1.0,1.0,1.0
2.0,2290,90.0,28,8.557142836706978,13.05357141154153,0.2481994786633017,0.2283171966605063,-1.0,1.0,1.0
2.0,2290,100.0,5,3.780000019073486,6.519999980926514,0.17340069053634297,0.18792512243322923,-1.0,1.0,1.0
2.0,2290,110.0,13,4.999999963320219,11.253846205197847,-0.02633183827835482,0.06952266432653514,-1.0,-1.0,1.0
2.0,2290,120.0,25,5.132000041007996,7.144000015258789,-0.040850076455714014,0.0549976972396147,-1.0,-1.0,1.0
2.0,2290,130.0,12,4.866666615009308,6.858333230018616,0.027822685261047215,0.07986402402576849,-1.0,1.0,1.0
2.0,2290,140.0,15,5.166666666666667,7.620000012715658,0.1859989078773623,0.15127742339400463,-1.0,1.0,1.0
2.0,2290,150.0,34,5.417647074250614,7.520588229684269,0.36185127212384566,0.23311855665890047,-1.0,1.0,1.0
2.0,2290,160.0,27,6.199999977041174,8.87037037037037,0.39864225795787767,0.25038338757069895,-1.0,1.0,1.0
2.0,2290,170.0,7,5.6000000068119595,11.085714067731585,0.29764653853133455,0.20315333469681734,-1.0,1.0,1.0
2.0,2290,180.0,24,4.308333327372869,10.325000007947287,0.16056444515007312,0.1376815018304515,-1.0,1.0,1.0
2.0,2290,190.0,16,-4.343749973922968,6.918749958276749,-0.06257987458566239,0.02410515454870852,1.0,-1.0,1.0
2.0,2290,200.0,21,-4.066666631471543,6.947619029453823,-0.22206856733404082,-0.06788497567748551,1.0,-1.0,-1.0
2.0,2290,210.0,16,-4.837500035762787,8.143749982118607,-0.3631011043541877,-0.16072018049135448,1.0,-1.0,-1.0
2.0,2290,220.0,32,-1.0968749995809048,4.3249999806284904,-0.5045975264983441,-0.25917945932459585,1.0,-1.0,-1.0
2.0,2290,230.0,28,0.4928571339696646,4.535714277199337,-0.6104991909023794,-0.3264417245349459,-1.0,-1.0,-1.0
2.0,2290,240.0,11,0.5181818225167014,14.00000017339533,-0.697143392247565,-0.3754690381408113,-1.0,-1.0,-1.0
2.0,2290,250.0,13,-1.9692307527248676,13.846153919513409,-0.7093302134816047,-0.37656764303052626,1.0,-1.0,-1.0
2.0,2290,260.0,19,-3.557894786329646,10.210526365982858,-0.6587806481445678,-0.33981474381857857,1.0,-1.0,-1.0
2.0,2290,270.0,13,-4.738461531125582,9.376923084259033,-0.5556112379638125,-0.2724524070475975,1.0,-1.0,-1.0
2.0,2290,280.0,29,-2.1517241358243187,5.631034464671694,-0.3941742665122098,-0.1765029107554132,1.0,-1.0,-1.0
2.0,2290,290.0,24,-1.8625000218550365,4.729166666666667,-0.23767538625997475,-0.09221218541186815,1.0,-1.0,-1.0
2.0,2290,300.0,10,-5.259999990463257,9.189999961853028,-0.025016493582092996,0.00477583112525664,1.0,-1.0,1.0
2.0,2290,310.0,8,-4.662499971687794,7.9374998807907104,0.057675957674446984,0.0267678443755286,1.0,1.0,1.0
2.0,2290,320.0,40,-3.349999988079071,6.752499973773956,0.05411170133744188,0.00899693077034428,1.0,1.0,1.0
2.0,2290,330.0,8,-3.3750000055879354,10.324999928474426,-0.02563931179504321,-0.04658842161189562,1.0,-1.0,-1.0
2.0,2290,340.0,17,-2.4823529334629284,9.341176397660199,-0.17445369761816557,-0.1257956918307882,1.0,-1.0,-1.0
2.0,2290,350.0,7,-2.757142867360796,5.9571428298950195,-0.3023516501654395,-0.18168070872325076,1.0,-1.0,-1.0
2.5,2281,0.0,12,-2.3166666800777116,5.225000063578288,0.11830789223356934,0.0903544275883036,1.0,1.0,1.0
2.5,2281,10.0,22,-3.3272727372294124,7.6954544674266465,0.16119103269056786,0.11460965703368792,1.0,1.0,1.0
2.5,2281,20.0,4,-3.800000011920929,7.8500001430511475,0.2001936913849287,0.13526237597166957,1.0,1.0,1.0
2.5,2281,30.0,21,-3.7285714717138383,6.742857161022368,0.19961218680999807,0.1334101149877703,1.0,1.0,1.0
2.5,2281,40.0,12,-1.083333323399226,6.0916666984558105,0.17922590697150698,0.12099822243295756,1.0,1.0,1.0
2.5,2281,50.0,22,-1.0454545464705338,4.768181865865534,0.11361419999142373,0.08172169449266874,1.0,1.0,1.0
2.5,2281,60.0,15,1.9266666690508525,5.106666707992554,0.0577017475041185,0.047952069457869416,-1.0,1.0,1.0
2.5,2281,70.0,6,0.9333333969116211,5.066666682561238,0.0060451382557270665,0.016090965841460598,-1.0,1.0,1.0
2.5,2281,80.0,11,3.8363637057217685,8.74545448476618,-0.05466908746775435,-0.02315231649374033,-1.0,-1.0,-1.0
2.5,2281,90.0,19,3.615789443254471,10.1736841954683,-0.0859021297788272,-0.0455078851052379,-1.0,-1.0,-1.0
2.5,2281,100.0,12,5.033333361148834,9.899999936421713,-0.08982359725271906,-0.049839545984715156,-1.0,-1.0,-1.0
2.5,2281,110.0,15,2.7266666809717814,5.793333371480306,-0.07503356179494881,-0.043257203762885436,-1.0,-1.0,-1.0
2.5,2281,120.0,29,2.4034482713403373,3.968965505731517,-0.04433756096092344,-0.02631256580735484,-1.0,-1.0,-1.0
2.5,2281,130.0,6,1.8666666845480602,3.7333333492279053,-0.016404027058229083,-0.010679597595860083,-1.0,-1.0,-1.0
2.5,2281,140.0,31,2.5741935276216075,3.7064516159795944,0.02015628378907372,0.009231860329029394,-1.0,1.0,1.0
2.5,2281,150.0,46,0.9521739218869935,3.823913035185441,0.03927525516276764,0.018615749893080485,-1.0,1.0,1.0
2.5,2281,160.0,16,0.13750000717118385,3.44999997317791,0.040933659941966447,0.01881711882692537,-1.0,1.0,1.0
2.5,2281,170.0,5,4.059999942779541,15.3,0.00390327917842034,-0.006632587587228461,-1.0,1.0,-1.0
2.5,2281,180.0,16,0.6937500131316483,13.012500047683716,-0.02447225789074525,-0.025640643853192625,-1.0,-1.0,-1.0
2.5,2281,190.0,10,-1.2700000286102298,10.719999980926513,-0.06330853462028188,-0.05247113991828293,1.0,-1.0,-1.0
2.5,2281,200.0,12,-1.6500000121692817,9.991666634877523,-0.0980169603123441,-0.07870340808019634,1.0,-1.0,-1.0
2.5,2281,210.0,17,-1.4647058866479818,5.78823532777674,-0.10899562284312579,-0.08972757844819565,1.0,-1.0,-1.0
2.5,2281,220.0,17,-2.117647032089093,5.911764705882353,-0.10430805339722833,-0.09111353777752221,1.0,-1.0,-1.0
2.5,2281,230.0,13,-0.7153846329221358,4.738461567805364,-0.09589898054505439,-0.08773953733752891,1.0,-1.0,-1.0
2.5,2281,240.0,16,1.1749999960884452,4.606249988079071,-0.08275713972296107,-0.0803927174660449,-1.0,-1.0,-1.0
2.5,2281,250.0,10,3.1799999594688417,6.429999971389771,-0.06999933218710791,-0.0715115437928999,-1.0,-1.0,-1.0
2.5,2281,260.0,15,3.646666638056437,5.2600000381469725,-0.05083376315906183,-0.056798660972446784,-1.0,-1.0,-1.0
2.5,2281,270.0,25,2.224000007510185,5.06,-0.03933677353578393,-0.04759831118910062,-1.0,-1.0,-1.0
2.5,2281,280.0,25,0.6319999897480011,3.8160000038146973,-0.023909839840281732,-0.034191639310842674,-1.0,-1.0,-1.0
2.5,2281,290.0,25,-1.1519999885559082,3.8239999771118165,-0.01423704932865258,-0.024441148752416427,1.0,-1.0,-1.0
2.5,2281,300.0,9,-3.8444444603390164,6.733333322736952,-0.0028956498964426,-0.011466349493507078,1.0,-1.0,-1.0
2.5,2281,310.0,17,0.5647058837554034,5.752941187690286,0.013526863052503706,0.007798506843783359,-1.0,1.0,1.0
2.5,2281,320.0,23,0.5956521915352863,6.082608679066533,0.022901321711370114,0.01860977984465203,-1.0,1.0,1.0
2.5,2281,330.0,35,-1.874285682610103,5.817142881665911,0.03872454555946466,0.03546653334727426,1.0,1.0,1.0
2.5,2281,340.0,27,-3.5851851679660656,6.733333322736952,0.056519779170728486,0.05047817716423614,1.0,1.0,1.0
2.5,2281,350.0,27,-1.933333331236133,3.8851851887173123,0.0793629623686039,0.0664812124368034,1.0,1.0,1.0
2.5,2283,0.0,10,-0.5499999701976777,4.629999995231628,0.02922882407219286,0.03133634193768348,1.0,1.0,1.0
2.5,2283,10.0,26,2.534615390575849,4.18461537361145,0.07841445561327862,0.058924494498241414,-1.0,1.0,1.0
2.5,2283,20.0,10,0.030000010132789613,7.350000047683716,0.115871383120282,0.07900894937671024,-1.0,1.0,1.0
2.5,2283,30.0,12,-0.574999988079071,9.858333428700766,0.13809473639142306,0.09009420774877401,1.0,1.0,1.0
2.5,2283,40.0,26,0.003846160207803433,8.1423076574619,0.1395567543435149,0.08906315776201461,-1.0,1.0,1.0
2.5,2283,50.0,13,2.5769231090178857,7.038461501781757,0.11320169580516727,0.07186768392210464,-1.0,1.0,1.0
2.5,2283,60.0,25,-0.7360000145435334,6.163999977111817,0.07514128982288314,0.04820613244001492,1.0,1.0,1.0
2.5,2283,70.0,5,2.9800000190734863,10.379999828338622,0.02453056400796954,0.0171490178666041,-1.0,1.0,1.0
2.5,2283,80.0,7,2.82857141324452,14.728571483067103,-0.015934378510849286,-0.0077137739060069285,-1.0,-1.0,-1.0
2.5,2283,90.0,9,1.9888888465033636,10.944444391462538,-0.045447772620994614,-0.026224175188695287,-1.0,-1.0,-1.0
2.5,2283,100.0,28,1.2142856988523687,4.396428576537541,-0.05059170528542985,-0.02977664910878567,-1.0,-1.0,-1.0
2.5,2283,110.0,12,0.4166666691501935,5.691666603088379,-0.04314657263049309,-0.025543156696846408,-1.0,-1.0,-1.0
2.5,2283,120.0,36,2.8333333200878568,6.263888888888889,-0.029203523607942244,-0.01715180296427777,-1.0,-1.0,-1.0
2.5,2283,130.0,22,1.9500000124627894,5.654545458880338,-0.0084627498784176,-0.005330406558747309,-1.0,-1.0,-1.0
2.5,2283,140.0,41,2.36585364799674,4.024390238087352,0.015737854126294797,0.006693520253451027,-1.0,1.0,1.0
2.5,2283,150.0,6,3.383333365122477,5.5,0.03029199687616295,0.013081287193618651,-1.0,1.0,1.0
2.5,2283,160.0,19,2.3105263051233793,10.331578857020327,0.06527311620854244,0.02508964438585033,-1.0,1.0,1.0
2.5,2283,170.0,8,-3.862500011920929,12.275000095367432,0.07899157850145695,0.026344869123071137,1.0,1.0,1.0
2.5,2283,180.0,3,-5.899999936421712,14.333333651224772,0.06984990944394026,0.011265137433279233,1.0,1.0,1.0
2.5,2283,190.0,15,-3.3599999944368997,8.946666717529297,0.04302618294778192,-0.008328989063989847,1.0,1.0,-1.0
2.5,2283,200.0,19,-2.4368421231445514,5.421052631578948,-0.0013111034855137211,-0.03557326010709944,1.0,-1.0,-1.0
2.5,2283,210.0,13,-2.5076923186962423,5.276923032907339,-0.07487365715374487,-0.07505895931268423,1.0,-1.0,-1.0
2.5,2283,220.0,30,0.10000000049670539,3.303333334128062,-0.11580806804100242,-0.0938608283020714,-1.0,-1.0,-1.0
2.5,2283,230.0,31,-0.5064516348704216,10.980645179748535,-0.13600749298068274,-0.0986489707804178,1.0,-1.0,-1.0
2.5,2283,240.0,16,1.2187499813735485,9.243750005960464,-0.12906886108330431,-0.09106296973786888,-1.0,-1.0,-1.0
2.5,2283,250.0,3,5.533333460489909,15.299999872843427,-0.1034114640840687,-0.07182708550327667,-1.0,-1.0,-1.0
2.5,2283,260.0,6,3.8333333333333335,19.366666475931805,-0.06702147082164428,-0.04676366648825059,-1.0,-1.0,-1.0
2.5,2283,270.0,26,-2.5038461731030393,4.173076895567087,-0.02284255393544919,-0.016466833771584498,1.0,-1.0,-1.0
2.5,2283,280.0,25,-2.4080000004172324,4.792000012397766,-0.005183990495995612,-0.003986672550085572,1.0,-1.0,-1.0
2.5,2283,290.0,9,0.866666661368476,8.433333343929714,0.018213895275034798,0.01385531204773529,-1.0,1.0,1.0
2.5,2283,300.0,10,-2.1600000143051146,7.940000009536743,0.02216983263759113,0.018429509143658353,1.0,1.0,1.0
2.5,2283,310.0,10,-2.8600000217556953,7.030000019073486,0.013888048302815221,0.016553091954976732,1.0,1.0,1.0
2.5,2283,320.0,19,-2.3736842102126072,6.357894746880782,0.002660290816555205,0.01153849764992562,1.0,1.0,1.0
2.5,2283,330.0,16,-1.8499999977648258,5.924999982118607,-0.010188343404395344,0.005745131287874519,1.0,-1.0,1.0
2.5,2283,340.0,30,-2.1733333418766656,4.689999961853028,-0.012906805899417976,0.005631522925569133,1.0,-1.0,1.0
2.5,2283,350.0,33,-1.966666667073062,4.006060607505567,-0.0005359040014407864,0.013795541515198777,1.0,-1.0,1.0
2.5,2284,0.0,12,-0.31666665089627105,3.375,-0.05225579098487993,-0.03758104328856344,1.0,-1.0,-1.0
2.5,2284,10.0,3,-1.7666667302449544,3.0,-0.03029737974081657,-0.024315223177455034,1.0,-1.0,-1.0
2.5,2284,20.0,2,-0.3500000238418579,23.300000190734863,0.0626409398230307,0.03056235429180625,1.0,1.0,1.0
2.5,2284,30.0,16,-11.12500000745058,40.42500019073486,0.12825108349137848,0.06956724096165127,1.0,1.0,1.0
2.5,2284,40.0,7,-6.314285721097674,18.74285752432687,0.171112234526835,0.09550043758820705,1.0,1.0,1.0
2.5,2284,50.0,17,-1.6764705531737383,8.464705803815056,0.17994823913121594,0.10172215491473205,1.0,1.0,1.0
2.5,2284,60.0,49,-1.2714285812511736,6.49387755685923,0.15646579398000282,0.08893734268155863,1.0,1.0,1.0
2.5,2284,70.0,35,-2.7314285642334393,3.957142836706979,0.11094807509651533,0.06316808446720741,1.0,1.0,1.0
2.5,2284,80.0,26,-0.06923077341455687,7.807692234332745,0.07031363215328879,0.039869551289807376,1.0,1.0,1.0
2.5,2284,90.0,13,2.315384613779875,8.72307693041288,0.046389982628932284,0.025906146356354222,-1.0,1.0,1.0
2.5,2284,100.0,18,5.53333334128062,11.833333333333334,0.018902119560259126,0.008318972642054844,-1.0,1.0,1.0
2.5,2284,110.0,26,-2.6615384496175327,6.630769234437209,0.015167375533188147,0.00485880325411737,1.0,1.0,1.0
2.5,2284,120.0,20,-1.5700000084936618,7.990000009536743,0.008122062149141986,-0.0016536338302819797,1.0,1.0,-1.0
2.5,2284,130.0,22,-3.0681818215684458,5.672727303071455,-0.0034696435576321637,-0.009675103072710049,1.0,-1.0,-1.0
2.5,2284,140.0,11,-3.2272727489471436,5.954545497894287,-0.018711597928156885,-0.0197465846516556,1.0,-1.0,-1.0
2.5,2284,150.0,27,-1.3111111116078165,6.448148197597927,-0.029084991876130933,-0.028982163615883665,1.0,-1.0,-1.0
2.5,2284,160.0,15,-0.7466666713356972,6.399999936421712,-0.010977081503249154,-0.024570691570808458,1.0,-1.0,-1.0
2.5,2284,170.0,17,1.1705882181139553,7.288235299727496,0.01756625519597004,-0.013441797323429924,-1.0,1.0,-1.0
2.5,2284,180.0,20,-0.1900000050663948,7.8399999141693115,0.07029878120288498,0.008978925728978297,1.0,1.0,1.0
2.5,2284,190.0,15,-4.026666680971782,7.7,0.09947129729825091,0.02177867143632549,1.0,1.0,1.0
2.5,2284,200.0,17,-4.723529472070582,6.088235294117647,0.10026593275056406,0.021678008451566765,1.0,1.0,1.0
2.5,2284,210.0,20,-3.635000003874302,6.084999942779541,0.06300172706484844,0.00349153944886326,1.0,1.0,1.0
2.5,2284,220.0,22,-2.6909091147509487,5.586363651535728,-0.011932129603271198,-0.03297373977068526,1.0,-1.0,-1.0
2.5,2284,230.0,30,-1.576666670292616,5.203333338101705,-0.06067692782657098,-0.05677140041378841,1.0,-1.0,-1.0
2.5,2284,240.0,12,0.39166667064030963,9.400000055631002,-0.10704800244211173,-0.07917092274104087,-1.0,-1.0,-1.0
2.5,2284,250.0,18,0.68888885817594,7.838888896836175,-0.10901377224644243,-0.07925648064967304,-1.0,-1.0,-1.0
2.5,2284,260.0,13,-1.5307692054372568,6.761538450534527,-0.08495640364241054,-0.06507195643117722,1.0,-1.0,-1.0
2.5,2284,270.0,20,0.5950000002980232,5.829999995231629,-0.048432620218960554,-0.04381857141792804,-1.0,-1.0,-1.0
2.5,2284,280.0,26,0.5846153918940288,3.8730768974010763,-0.009589902274569642,-0.020894026224564773,-1.0,-1.0,-1.0
2.5,2284,290.0,2,0.04999995231628418,13.150000095367432,0.0364267195869261,0.0068358525675207,-1.0,1.0,1.0
2.5,2284,300.0,6,-3.9333333174387612,14.699999968210856,0.041517993192613914,0.010006512867154333,1.0,1.0,1.0
2.5,2284,310.0,5,-4.239999905228615,13.65999984741211,0.04494931995870776,0.01290655639946442,1.0,1.0,1.0
2.5,2284,320.0,12,-2.6249999900658927,7.774999936421712,0.02870418570015099,0.004265203491471541,1.0,1.0,1.0
2.5,2284,330.0,18,-2.9888889127307467,4.938888947168986,0.0007458380732560444,-0.010791404255604872,1.0,1.0,-1.0
2.5,2284,340.0,28,-0.9607142885880811,3.632142816271101,-0.03070917235715162,-0.027550147975358725,1.0,-1.0,-1.0
2.5,2284,350.0,26,-1.7076923188108664,3.9423076923076925,-0.05255984215740402,-0.03877586205488967,1.0,-1.0,-1.0
2.5,2286,0.0,19,-1.4368421133411557,5.02631580202203,-0.06846358437018081,-0.029045514626495714,1.0,-1.0,-1.0
2.5,2286,10.0,18,-2.3666666646798453,7.861111137602064,-0.04757032782051139,-0.015662742038066595,1.0,-1.0,-1.0
2.5,2286,20.0,24,-3.995833285152912,6.258333305517833,0.0055296287035903205,0.016276323273651253,1.0,1.0,1.0
2.5,2286,30.0,24,-4.445833325386047,6.241666654745738,0.055954163241912096,0.0458045988514697,1.0,1.0,1.0
2.5,2286,40.0,6,-3.216666658719381,6.450000047683716,0.10838588869532258,0.07605613650033409,1.0,1.0,1.0
2.5,2286,50.0,13,-3.300000016505902,5.599999996332022,0.14044165875346198,0.09454047301715246,1.0,1.0,1.0
2.5,2286,60.0,10,-0.3900000169873238,7.1,0.14208613191433248,0.095765715177945,1.0,1.0,1.0
2.5,2286,70.0,25,0.04799999862909317,4.499999990463257,0.12478417563146062,0.08642744220097066,-1.0,1.0,1.0
2.5,2286,80.0,16,1.937499988824129,4.737500011920929,0.08568742168091097,0.06534658315819264,-1.0,1.0,1.0
2.5,2286,90.0,25,1.65200000166893,4.631999959945679,0.04639862567302958,0.044138750028441816,-1.0,1.0,1.0
2.5,2286,100.0,10,1.4700000055134297,4.929999923706054,0.00926181681998224,0.02259451816724008,-1.0,1.0,1.0
2.5,2286,110.0,22,4.727272694761103,6.172727259722623,0.003962791545568473,0.017381011941022453,-1.0,1.0,1.0
2.5,2286,120.0,20,-0.2999999761581421,4.475000011920929,0.004545166081761005,0.014971822816631255,1.0,1.0,1.0
2.5,2286,130.0,16,-0.7874999954365194,3.7687500566244125,-0.004829358278936325,0.006523491062110531,1.0,-1.0,1.0
2.5,2286,140.0,11,-1.309090913019397,4.0545454892245205,-0.031239560846563954,-0.010185768885959063,1.0,-1.0,-1.0
2.5,2286,150.0,6,-7.200000127156575,12.083333174387613,-0.08574013630336219,-0.04284810296964453,1.0,-1.0,-1.0
2.5,2286,160.0,13,-6.138461553133451,14.52307708446796,-0.11791343490993955,-0.06318158436566622,1.0,-1.0,-1.0
2.5,2286,170.0,25,-4.524000015258789,6.9319999885559085,-0.1227875034874742,-0.07148762776360963,1.0,-1.0,-1.0
2.5,2286,180.0,39,-0.5102564035317837,4.353846164850088,-0.07367755416235917,-0.05172976961418877,1.0,-1.0,-1.0
2.5,2286,190.0,6,0.2333333045244217,3.666666626930237,-0.029108320988433634,-0.0316215912184065,-1.0,-1.0,-1.0
2.5,2286,200.0,3,0.800000011920929,5.400000095367432,-0.0130561055099193,-0.0243704688679139,-1.0,-1.0,-1.0
2.5,2286,210.0,22,0.26363635977560823,4.545454567128962,-0.028633547757680934,-0.034332352645831545,-1.0,-1.0,-1.0
2.5,2286,220.0,27,0.09999999762685209,4.888888888888889,-0.08278259152358787,-0.0639010767007769,-1.0,-1.0,-1.0
2.5,2286,230.0,30,-2.2933333247900007,6.0700000365575155,-0.13369419982408287,-0.09158697054803472,1.0,-1.0,-1.0
2.5,2286,240.0,2,-9.150000095367432,16.850000381469727,-0.1779261794408559,-0.1140329376173123,1.0,-1.0,-1.0
2.5,2286,250.0,13,2.7923077069796047,14.192307839026817,-0.17088941785283046,-0.1083645237028302,-1.0,-1.0,-1.0
2.5,2286,260.0,23,0.9608695656061172,7.960869602535082,-0.13174377876084922,-0.08292281004586276,-1.0,-1.0,-1.0
2.5,2286,270.0,2,0.15000000596046448,10.75,-0.08860394306176081,-0.05608975349358135,-1.0,-1.0,-1.0
2.5,2286,280.0,8,-5.287499953061342,12.162500143051147,0.025174390173957364,0.013077845096806238,1.0,1.0,1.0
2.5,2286,290.0,3,-7.599999904632568,16.76666641235352,0.07407375432609,0.042685882022377865,1.0,1.0,1.0
2.5,2286,300.0,5,1.9800000190734863,12.079999923706055,0.12662007386017732,0.07540551046714888,-1.0,1.0,1.0
2.5,2286,310.0,39,-2.9743589982390404,7.769230781457363,0.13109513682577958,0.08001183764695395,1.0,1.0,1.0
2.5,2286,320.0,8,-3.7750000059604645,7.900000154972076,0.09778595447945988,0.0631336618021588,1.0,1.0,1.0
2.5,2286,330.0,11,-4.036363623358986,6.990909099578857,0.056252886525812125,0.04049002408330892,1.0,1.0,1.0
2.5,2286,340.0,29,-2.006896530502829,3.5241379737854004,-0.021976322544942157,-0.0034346578341784037,1.0,-1.0,-1.0
2.5,2286,350.0,25,-1.2440000167489051,4.2319999694824215,-0.04778236503195254,-0.018016221710908234,1.0,-1.0,-1.0
2.5,2287,0.0,12,-2.2166666562358537,7.299999992052714,-0.03718391723196066,-0.027514675297516483,1.0,-1.0,-1.0
2.5,2287,10.0,25,-0.6640000057220459,10.068000087738037,-0.03061217465244177,-0.019174829151804625,1.0,-1.0,-1.0
2.5,2287,20.0,18,-3.216666636367639,7.294444428549872,-0.005663268277390089,0.00015458271500524452,1.0,-1.0,1.0
2.5,2287,30.0,28,-1.6107143107801676,6.685714278902326,0.022141087976930846,0.019563858768590497,1.0,1.0,1.0
2.5,2287,40.0,16,-3.9874999783933163,9.63125005364418,0.06327666159621806,0.04652187326124681,1.0,1.0,1.0
2.5,2287,50.0,15,0.8599999775489171,14.493333307902018,0.12217045138455974,0.08385688928529157,-1.0,1.0,1.0
2.5,2287,60.0,3,-8.499999841054281,18.60000038146973,0.1405137996467044,0.09592587697417276,1.0,1.0,1.0
2.5,2287,70.0,8,-2.4875000715255737,10.662499904632568,0.14215705381895655,0.10112724689438213,1.0,1.0,1.0
2.5,2287,80.0,35,0.2828571253589222,4.3857142448425295,0.12093118911303298,0.09193766848728953,-1.0,1.0,1.0
2.5,2287,90.0,24,2.2499999941016235,5.379166642824809,0.08151940547703453,0.07326172892187781,-1.0,1.0,1.0
2.5,2287,100.0,24,2.4666666658595204,5.875,0.042454814942655274,0.053999771955615894,-1.0,1.0,1.0
2.5,2287,110.0,11,2.7818181948228315,6.463636311617765,0.03661422261847252,0.050012243212318924,-1.0,1.0,1.0
2.5,2287,120.0,22,1.1636363613334568,5.1954545757987285,0.05915287037078305,0.05810067714932217,-1.0,1.0,1.0
2.5,2287,130.0,8,0.4375000102445483,7.275000035762787,0.08507888627925161,0.06632795129849206,-1.0,1.0,1.0
2.5,2287,140.0,9,0.5999999377462599,10.133333312140572,0.09273228967955628,0.0653777327864668,-1.0,1.0,1.0
2.5,2287,150.0,12,-0.541666696468989,17.583333333333332,0.055148458468192975,0.03844826594495413,1.0,1.0,1.0
2.5,2287,160.0,13,-2.2384615494654727,19.384615311255825,-0.002586705823052431,0.004980617596057177,1.0,-1.0,1.0
2.5,2287,170.0,36,-6.3583333608176975,16.92222211096022,-0.06389366662136017,-0.030808486395798265,1.0,-1.0,-1.0
2.5,2287,180.0,14,-1.9214285580175263,5.278571452413287,-0.07861015699514191,-0.043112142770913686,1.0,-1.0,-1.0
2.5,2287,190.0,36,1.2972222071968846,7.183333370420668,-0.06834090309039766,-0.04394884926154313,-1.0,-1.0,-1.0
2.5,2287,200.0,29,-1.2689654909331223,5.768965515597113,-0.04888095119283033,-0.043985167408373944,1.0,-1.0,-1.0
2.5,2287,210.0,10,-2.5700000166893004,5.869999980926513,-0.06151514847970045,-0.055617167120735445,1.0,-1.0,-1.0
2.5,2287,220.0,1,-2.700000047683716,12.300000190734863,-0.1416287451739864,-0.1032970019059449,1.0,-1.0,-1.0
2.5,2287,230.0,2,-1.800000011920929,17.899999618530273,-0.19638652186966665,-0.13363449077784278,1.0,-1.0,-1.0
2.5,2287,240.0,38,0.6500000985045183,10.9000000326257,-0.23072274676452237,-0.15199572238436534,-1.0,-1.0,-1.0
2.5,2287,250.0,38,-3.584210515022278,6.742105308331941,-0.23635230434256466,-0.1530361929582772,1.0,-1.0,-1.0
2.5,2287,260.0,14,-2.8285713962146213,6.007142918450492,-0.2050091576046316,-0.13294734805105105,1.0,-1.0,-1.0
2.5,2287,270.0,19,-3.6105263139072217,7.221052671733656,-0.14297092393901095,-0.09480887078449117,1.0,-1.0,-1.0
2.5,2287,280.0,12,-1.3416666487852733,8.416666706403097,-0.040375557111960635,-0.03327194041877322,1.0,-1.0,-1.0
2.5,2287,290.0,6,1.1999999781449635,8.96666661898295,0.03372293096345424,0.010318963427982717,-1.0,1.0,1.0
2.5,2287,310.0,28,-0.778571430593729,6.2607143095561435,0.11959831998673491,0.06039479005883041,1.0,1.0,1.0
2.5,2287,320.0,36,-1.4277777729762926,4.763888869020674,0.09418587244089689,0.0461976251246802,1.0,1.0,1.0
2.5,2287,330.0,7,-3.671428544180734,7.214285782405308,0.06533270687219053,0.029766579766138387,1.0,1.0,1.0
2.5,2287,350.0,25,-2.9120000076293944,9.83199993133545,-0.028570292200203306,-0.02372848650785318,1.0,-1.0,-1.0
2.5,2290,0.0,54,-0.1777777629042113,4.168518503506978,-0.10749766420445338,-0.05801541175929389,1.0,-1.0,-1.0
2.5,2290,10.0,23,-2.230434757211934,6.02608699383943,-0.07852715475814094,-0.03667321562970503,1.0,-1.0,-1.0
2.5,2290,20.0,11,-3.7181818051771685,8.109090935100209,-0.0007392740781183634,0.01370519887321922,1.0,-1.0,1.0
2.5,2290,30.0,6,-6.266666650772095,8.033333460489908,0.057873976436692766,0.051907742712206696,1.0,1.0,1.0
2.5,2290,40.0,37,-1.3324324144302189,4.959459453015714,0.1140001863388952,0.09031601871052765,1.0,1.0,1.0
2.5,2290,50.0,21,4.038095224471319,5.97142862138294,0.14805831123070737,0.11475995719838936,-1.0,1.0,1.0
2.5,2290,60.0,11,4.445454548705708,7.636363679712469,0.17325103892840382,0.1329747168001912,-1.0,1.0,1.0
2.5,2290,70.0,2,7.0,13.300000190734863,0.18555265550974714,0.1425494104128026,-1.0,1.0,1.0
2.5,2290,80.0,4,11.774999856948853,21.924999713897705,0.16551094327625937,0.13356712504282933,-1.0,1.0,1.0
2.5,2290,90.0,27,8.707407386214644,13.29629627863566,0.1395682537692913,0.11951682629298988,-1.0,1.0,1.0
2.5,2290,100.0,6,3.900000015894572,6.516666650772095,0.11766516639294212,0.10724239452114266,-1.0,1.0,1.0
2.5,2290,110.0,13,4.999999963320219,11.253846205197847,0.06021662591898924,0.07234353755514876,-1.0,1.0,1.0
2.5,2290,120.0,25,5.132000041007996,7.144000015258789,0.056607214745167826,0.06812290451997807,-1.0,1.0,1.0
2.5,2290,130.0,12,4.866666615009308,6.858333230018616,0.07187864771417131,0.07248005019609134,-1.0,1.0,1.0
2.5,2290,140.0,15,5.166666666666667,7.620000012715658,0.10611099719131868,0.08661906749509508,-1.0,1.0,1.0
2.5,2290,150.0,33,5.421212131326849,7.512121200561523,0.1415235836462441,0.1011176496401135,-1.0,1.0,1.0
2.5,2290,160.0,28,6.167857127530234,8.832142863954816,0.14635476695471814,0.10167194892501728,-1.0,1.0,1.0
2.5,2290,170.0,7,5.6000000068119595,11.085714067731585,0.1082539696662631,0.07805266686348733,-1.0,1.0,1.0
2.5,2290,180.0,24,4.308333327372869,10.325000007947287,0.0646036641640478,0.05285941278876141,-1.0,1.0,1.0
2.5,2290,190.0,16,-4.343749973922968,6.918749958276749,-0.017999517468913418,0.004042963912510437,1.0,-1.0,1.0
2.5,2290,200.0,21,-4.066666631471543,6.947619029453823,-0.08542674896316275,-0.037880020373860984,1.0,-1.0,-1.0
2.5,2290,210.0,16,-4.837500035762787,8.143749982118607,-0.15257074342662802,-0.08143052987322516,1.0,-1.0,-1.0
2.5,2290,220.0,32,-1.0968749995809048,4.3249999806284904,-0.22029622255460884,-0.1261398597427762,1.0,-1.0,-1.0
2.5,2290,230.0,28,0.4928571339696646,4.535714277199337,-0.26286953023595144,-0.15363004442458764,-1.0,-1.0,-1.0
2.5,2290,240.0,11,0.5181818225167014,14.00000017339533,-0.293473153599161,-0.1726305837876,-1.0,-1.0,-1.0
2.5,2290,250.0,13,-1.9692307527248676,13.846153919513409,-0.29819701424241274,-0.1749418138277088,1.0,-1.0,-1.0
2.5,2290,260.0,17,-3.3058824026409317,10.323529467863196,-0.28125355586278755,-0.1639440407321655,1.0,-1.0,-1.0
2.5,2290,270.0,15,-4.866666666666666,9.36000000635783,-0.24246364774664855,-0.13997388754469764,1.0,-1.0,-1.0
2.5,2290,280.0,29,-2.1517241358243187,5.631034464671694,-0.17947627358861487,-0.10280626717029441,1.0,-1.0,-1.0
2.5,2290,290.0,24,-1.8625000218550365,4.729166666666667,-0.12564077949213512,-0.07257428491524229,1.0,-1.0,-1.0
2.5,2290,300.0,10,-5.259999990463257,9.189999961853028,-0.056656260550531815,-0.03660465336066944,1.0,-1.0,-1.0
2.5,2290,310.0,8,-4.662499971687794,7.9374998807907104,-0.029104013396910364,-0.024324328463519902,1.0,-1.0,-1.0
2.5,2290,320.0,40,-3.349999988079071,6.752499973773956,-0.02719810584202855,-0.025135336383244156,1.0,-1.0,-1.0
2.5,2290,330.0,8,-3.3750000055879354,10.324999928474426,-0.04718726093262115,-0.03694734578201996,1.0,-1.0,-1.0
2.5,2290,340.0,17,-2.4823529334629284,9.341176397660199,-0.08245758582432237,-0.05416555136792524,1.0,-1.0,-1.0
2.5,2290,350.0,7,-2.757142867360796,5.9571428298950195,-0.10761145297112511,-0.0634971948038491,1.0,-1.0,-1.0
3.0,2281,0.0,11,-1.9909090968695553,4.909090995788574,0.06992751901275097,0.052635951720163734,1.0,1.0,1.0
3.0,2281,10.0,23,-3.4391304484528042,7.739130351854407,0.08760165779762093,0.06325078444504167,1.0,1.0,1.0
3.0,2281,20.0,3,-3.5333333810170493,7.766666730244954,0.10044137687333303,0.0703530797708629,1.0,1.0,1.0
3.0,2281,30.0,20,-3.875000035762787,6.905000042915344,0.0983526681208167,0.06834486295648187,1.0,1.0,1.0
3.0,2281,40.0,14,-1.3142857125827245,6.050000020435879,0.08967674734192822,0.062793163882495,1.0,1.0,1.0
3.0,2281,50.0,21,-1.1714285736282666,4.738095283508301,0.06093593617892991,0.04486406786869537,1.0,1.0,1.0
3.0,2281,60.0,16,1.9062500037252903,5.125000044703484,0.03682716249656759,0.029781252157065834,-1.0,1.0,1.0
3.0,2281,70.0,6,0.9333333969116211,5.066666682561238,0.013417832234488683,0.014915514545986283,-1.0,1.0,1.0
3.0,2281,80.0,10,3.740000057220459,8.749999952316283,-0.014992445538796159,-0.0037430031320957098,-1.0,-1.0,-1.0
3.0,2281,90.0,20,3.6749999806284905,10.099999976158141,-0.03278663860290221,-0.01638104599605395,-1.0,-1.0,-1.0
3.0,2281,100.0,12,5.033333361148834,9.899999936421713,-0.036791077750392566,-0.019928191892417402,-1.0,-1.0,-1.0
3.0,2281,110.0,15,2.7266666809717814,5.793333371480306,-0.032912567098458155,-0.01913096572883404,-1.0,-1.0,-1.0
3.0,2281,120.0,29,2.4034482713403373,3.968965505731517,-0.021474479861349132,-0.013472976100041468,-1.0,-1.0,-1.0
3.0,2281,130.0,6,1.8666666845480602,3.7333333492279053,-0.010696739044311551,-0.007876696786629616,-1.0,-1.0,-1.0
3.0,2281,140.0,30,2.5433333118756614,3.680000003178914,0.0021326157132512103,-0.00139296315779516,-1.0,1.0,-1.0
3.0,2281,150.0,45,1.0222222306662136,3.855555550257365,0.008144733961316177,0.0010181796375440533,-1.0,1.0,1.0
3.0,2281,160.0,18,0.19444445230894622,3.449999968210856,0.008288416968391466,0.0005951697999422166,-1.0,1.0,1.0
3.0,2281,170.0,3,4.333333253860474,14.733333587646484,-0.0076695148146546,-0.010999001330207434,-1.0,-1.0,-1.0
3.0,2281,180.0,17,1.0764705977019142,13.388235316557044,-0.018399890459495666,-0.018327265375926678,-1.0,-1.0,-1.0
3.0,2281,190.0,11,-1.1454545713283801,10.918181766163219,-0.03554510070011641,-0.030170557011018298,1.0,-1.0,-1.0
3.0,2281,200.0,12,-1.6500000121692817,9.991666634877523,-0.05190166583292518,-0.04210291652770687,1.0,-1.0,-1.0
3.0,2281,210.0,17,-1.4647058866479818,5.78823532777674,-0.05863731793401169,-0.04780583556281507,1.0,-1.0,-1.0
3.0,2281,220.0,17,-2.117647032089093,5.911764705882353,-0.059357325402646904,-0.049770342759672355,1.0,-1.0,-1.0
3.0,2281,230.0,13,-0.7153846329221358,4.738461567805364,-0.057088736664554135,-0.04900891604445147,1.0,-1.0,-1.0
3.0,2281,240.0,16,1.1749999960884452,4.606249988079071,-0.05161721562966631,-0.045929575513481445,-1.0,-1.0,-1.0
3.0,2281,250.0,10,3.1799999594688417,6.429999971389771,-0.044656310339793906,-0.04117170508554223,-1.0,-1.0,-1.0
3.0,2281,260.0,15,3.646666638056437,5.2600000381469725,-0.03373404489759084,-0.03291854466480973,-1.0,-1.0,-1.0
3.0,2281,270.0,25,2.224000007510185,5.06,-0.027260408792668257,-0.02773052214721692,-1.0,-1.0,-1.0
3.0,2281,280.0,25,0.6319999897480011,3.8160000038146973,-0.01797081198449022,-0.0198521570913874,-1.0,-1.0,-1.0
3.0,2281,290.0,25,-1.1519999885559082,3.8239999771118165,-0.011226444197063897,-0.013739627846123113,1.0,-1.0,-1.0
3.0,2281,300.0,9,-3.8444444603390164,6.733333322736952,-0.0024859503624226555,-0.005419945989822223,1.0,-1.0,-1.0
3.0,2281,310.0,17,0.5647058837554034,5.752941187690286,0.009513843532135741,0.006163250934372842,-1.0,1.0,1.0
3.0,2281,320.0,23,0.5956521915352863,6.082608679066533,0.016554270061703263,0.012791712805385791,-1.0,1.0,1.0
3.0,2281,330.0,35,-1.874285682610103,5.817142881665911,0.02879651531738552,0.02360988129046969,1.0,1.0,1.0
3.0,2281,340.0,27,-3.5851851679660656,6.733333322736952,0.04039218767755554,0.03271884482956223,1.0,1.0,1.0
3.0,2281,350.0,27,-1.933333331236133,3.8851851887173123,0.053244499577957766,0.04183314763523021,1.0,1.0,1.0
3.0,2283,0.0,12,-1.0499999870856602,4.766666670640309,0.02362659758973447,0.021471837420803584,1.0,1.0,1.0
3.0,2283,10.0,25,2.7080000042915344,4.207999992370605,0.04406485907665348,0.03328049620294792,-1.0,1.0,1.0
3.0,2283,20.0,10,-0.3099999874830246,6.840000057220459,0.05766203787433879,0.04075088668740704,1.0,1.0,1.0
3.0,2283,30.0,12,0.2166666885217031,9.541666746139526,0.06606585659828587,0.045035732633194714,-1.0,1.0,1.0
3.0,2283,40.0,27,-0.28888888629498305,8.303703670148495,0.0662957660758039,0.04433060921857815,1.0,1.0,1.0
3.0,2283,50.0,11,3.290909133174203,7.172727281397039,0.05615437875642968,0.037573300700370287,-1.0,1.0,1.0
3.0,2283,60.0,27,-0.7814814967137796,6.174074031688549,0.03970275966118697,0.027126145229144995,1.0,1.0,1.0
3.0,2283,70.0,5,2.9800000190734863,10.379999828338622,0.01786584035406992,0.01339849606251094,-1.0,1.0,1.0
3.0,2283,80.0,7,2.82857141324452,14.728571483067103,-0.0002042578563259143,0.0019530156865815143,-1.0,-1.0,1.0
3.0,2283,90.0,7,2.557142802647182,11.799999918256487,-0.013945601153399786,-0.007028638630167115,-1.0,-1.0,-1.0
3.0,2283,100.0,29,1.1310344662131935,4.624137935967281,-0.018548180378317965,-0.010375842892736313,-1.0,-1.0,-1.0
3.0,2283,110.0,12,0.28333334376414615,5.524999936421712,-0.017487426657686458,-0.010366547494668974,-1.0,-1.0,-1.0
3.0,2283,120.0,37,2.8324324182561926,6.281081083658579,-0.011897599010625797,-0.007555193116721226,-1.0,-1.0,-1.0
3.0,2283,130.0,22,1.9500000124627894,5.654545458880338,-0.0025676182198338454,-0.0027855118355860817,-1.0,-1.0,-1.0
3.0,2283,140.0,38,2.2684210425144746,3.9736841917037964,0.00759343012760876,0.0020161185711651264,-1.0,1.0,1.0
3.0,2283,150.0,9,3.4555555714501276,5.222222275204128,0.0127824513228296,0.004240759735726167,-1.0,1.0,1.0
3.0,2283,160.0,19,2.3105263051233793,10.331578857020327,0.024819339495309248,0.008019639578575133,-1.0,1.0,1.0
3.0,2283,170.0,8,-3.862500011920929,12.275000095367432,0.02744831221609645,0.007153301035887012,1.0,1.0,1.0
3.0,2283,180.0,3,-5.899999936421712,14.333333651224772,0.018955285207291835,-0.0012874351289739333,1.0,1.0,-1.0
3.0,2283,190.0,15,-3.3599999944368997,8.946666717529297,0.0060865900548511325,-0.010206835931685013,1.0,1.0,-1.0
3.0,2283,200.0,19,-2.4368421231445514,5.421052631578948,-0.01200883733682701,-0.02143517496792568,1.0,-1.0,-1.0
3.0,2283,210.0,12,-2.51666667064031,5.324999968210856,-0.04095604844976226,-0.037800592468974166,1.0,-1.0,-1.0
3.0,2283,220.0,30,-0.0033333356181780498,3.2833333214124045,-0.05726099848740615,-0.046086084634412064,1.0,-1.0,-1.0
3.0,2283,230.0,32,-0.46875002165324986,10.803125023841858,-0.06599914707995616,-0.04911680983137807,1.0,-1.0,-1.0
3.0,2283,240.0,16,1.2187499813735485,9.243750005960464,-0.06372185915845058,-0.04646207281720923,-1.0,-1.0,-1.0
3.0,2283,250.0,3,5.533333460489909,15.299999872843427,-0.05367764630222633,-0.038788033615980766,-1.0,-1.0,-1.0
3.0,2283,260.0,6,3.8333333333333335,19.366666475931805,-0.03815696576054133,-0.027850669263615152,-1.0,-1.0,-1.0
3.0,2283,270.0,26,-2.5038461731030393,4.173076895567087,-0.017933768970963018,-0.013688440103082908,1.0,-1.0,-1.0
3.0,2283,280.0,24,-2.279166667101284,4.608333354194959,-0.009827841072998562,-0.007872385028227038,1.0,-1.0,-1.0
3.0,2283,290.0,10,0.22999999523162842,8.509999990463257,0.00279098617327515,0.00177273259950345,-1.0,1.0,1.0
3.0,2283,300.0,10,-2.1600000143051146,7.940000009536743,0.00661185519967218,0.00538302890007915,1.0,1.0,1.0
3.0,2283,310.0,10,-2.8600000217556953,7.030000019073486,0.006542890896528821,0.00723468553864753,1.0,1.0,1.0
3.0,2283,320.0,19,-2.3736842102126072,6.357894746880782,0.004276417411835574,0.006997539235326016,1.0,1.0,1.0
3.0,2283,330.0,16,-1.8499999977648258,5.924999982118607,0.002229780206528331,0.007011897733082507,1.0,1.0,1.0
3.0,2283,340.0,29,-2.14137932247129,4.720689617354294,0.004176771999601697,0.009151179225897877,1.0,1.0,1.0
3.0,2283,350.0,32,-1.9031249929685146,3.9093749970197678,0.0109100365220992,0.013716432017510272,1.0,1.0,1.0
3.0,2284,0.0,12,-0.31666665089627105,3.375,-0.013226273323374832,-0.010524583444807075,1.0,-1.0,-1.0
3.0,2284,10.0,3,-1.7666667302449544,3.0,-0.0028429482328245666,-0.003880616041623267,1.0,-1.0,-1.0
3.0,2284,20.0,2,-0.3500000238418579,23.300000190734863,0.03484710786758355,0.019037696741285002,1.0,1.0,1.0
3.0,2284,30.0,16,-11.12500000745058,40.42500019073486,0.06070917719377289,0.03466765288329303,1.0,1.0,1.0
3.0,2284,40.0,7,-6.314285721097674,18.74285752432687,0.07826878372135597,0.045453789230930644,1.0,1.0,1.0
3.0,2284,50.0,17,-1.6764705531737383,8.464705803815056,0.08337619314459464,0.0490247717149671,1.0,1.0,1.0
3.0,2284,60.0,48,-1.2645833428638678,6.53333334128062,0.07632097558349742,0.04536321157053802,1.0,1.0,1.0
3.0,2284,70.0,35,-2.631428567639419,3.9228571142469133,0.05989568317359644,0.036001534743963094,1.0,1.0,1.0
3.0,2284,80.0,26,-0.35000000234979856,7.861538391846877,0.04336792256688649,0.026236825615404687,1.0,1.0,1.0
3.0,2284,90.0,14,2.307142859058721,8.414285727909633,0.03232602417819671,0.01948742356906785,-1.0,1.0,1.0
3.0,2284,100.0,18,5.53333334128062,11.833333333333334,0.01576045006365935,0.008446685654136917,-1.0,1.0,1.0
3.0,2284,110.0,26,-2.6615384496175327,6.630769234437209,0.011506408197968112,0.005187320081865611,1.0,1.0,1.0
3.0,2284,120.0,20,-1.5700000084936618,7.990000009536743,0.004460657490527865,-0.0004049524571652866,1.0,1.0,-1.0
3.0,2284,130.0,21,-3.0666666747558686,5.680952412741525,-0.0008576049236323516,-0.004428315728798372,1.0,-1.0,-1.0
3.0,2284,140.0,12,-3.2166666785875955,5.916666706403096,-0.006085825821360066,-0.008430120911465992,1.0,-1.0,-1.0
3.0,2284,150.0,27,-1.3111111116078165,6.448148197597927,-0.008332344427237385,-0.011351076910722298,1.0,-1.0,-1.0
3.0,2284,160.0,14,-0.9428571478596756,6.392857074737549,-0.001518540562145357,-0.009566334524411415,1.0,-1.0,-1.0
3.0,2284,170.0,17,1.1529411620953505,7.152941170860739,0.007365048335842765,-0.006116838594207518,-1.0,1.0,-1.0
3.0,2284,180.0,21,-0.07142857852436248,7.885714213053386,0.0240819562819534,0.0008277024671436666,1.0,1.0,1.0
3.0,2284,190.0,15,-4.026666680971782,7.7,0.03249877269815297,0.004165863204508674,1.0,1.0,1.0
3.0,2284,200.0,17,-4.723529472070582,6.088235294117647,0.030772035097408303,0.0026869110351803293,1.0,1.0,1.0
3.0,2284,210.0,20,-3.635000003874302,6.084999942779541,0.016156340358937524,-0.00518981515618,1.0,1.0,-1.0
3.0,2284,220.0,22,-2.6909091147509487,5.586363651535728,-0.011632889201910796,-0.019626407677817887,1.0,-1.0,-1.0
3.0,2284,230.0,30,-1.576666670292616,5.203333338101705,-0.02960370667860027,-0.02887409085771925,1.0,-1.0,-1.0
3.0,2284,240.0,12,0.39166667064030963,9.400000055631002,-0.04782977926094045,-0.03808126266871337,-1.0,-1.0,-1.0
3.0,2284,250.0,18,0.68888885817594,7.838888896836175,-0.0496747934819406,-0.038644257637981884,-1.0,-1.0,-1.0
3.0,2284,260.0,13,-1.5307692054372568,6.761538450534527,-0.041127815795752726,-0.03330662318781163,1.0,-1.0,-1.0
3.0,2284,270.0,20,0.5950000002980232,5.829999995231629,-0.02711249230717016,-0.02487439344007264,-1.0,-1.0,-1.0
3.0,2284,280.0,25,0.5280000075697899,3.9159999752044676,-0.011510820828302919,-0.015433648599044556,-1.0,-1.0,-1.0
3.0,2284,290.0,3,0.6999999682108561,9.700000047683716,0.004331292379611967,-0.005652777824613867,-1.0,1.0,-1.0
3.0,2284,300.0,6,-3.9333333174387612,14.699999968210856,0.010436334276997116,-0.0017644274360815,1.0,1.0,-1.0
3.0,2284,310.0,5,-4.239999905228615,13.65999984741211,0.01314976035204612,0.00061585627268736,1.0,1.0,1.0
3.0,2284,320.0,12,-2.6249999900658927,7.774999936421712,0.007885646451354091,-0.0018066640831876462,1.0,1.0,-1.0
3.0,2284,330.0,18,-2.9888889127307467,4.938888947168986,-0.0014731339224843395,-0.0064673992295993556,1.0,-1.0,-1.0
3.0,2284,340.0,28,-0.9607142885880811,3.632142816271101,-0.011340764602165748,-0.011278432690463415,1.0,-1.0,-1.0
3.0,2284,350.0,26,-1.7076923188108664,3.9423076923076925,-0.016645775668962092,-0.013382890646648302,1.0,-1.0,-1.0
3.0,2286,0.0,19,-1.4368421133411557,5.02631580202203,-0.016165569639719348,-0.0028981136981279633,1.0,-1.0,-1.0
3.0,2286,10.0,17,-2.3352941099335167,7.864705899182488,-0.007949838425938919,0.002424319545567453,1.0,-1.0,1.0
3.0,2286,20.0,24,-3.949999955793222,6.366666654745738,0.012654863828338551,0.014909416215700294,1.0,1.0,1.0
3.0,2286,30.0,25,-4.427999992370605,6.199999980926513,0.03288753747888674,0.026962631252764307,1.0,1.0,1.0
3.0,2286,40.0,6,-3.216666658719381,6.450000047683716,0.05445681541068747,0.03975442833963632,1.0,1.0,1.0
3.0,2286,50.0,12,-3.3000000218550363,5.591666678587596,0.06771874521099207,0.04771168350729229,1.0,1.0,1.0
3.0,2286,60.0,11,-0.6545454656535928,6.972727255387739,0.0697953218423171,0.049145291320465564,1.0,1.0,1.0
3.0,2286,70.0,25,0.04799999862909317,4.499999990463257,0.06352736524590169,0.04573060609793116,-1.0,1.0,1.0
3.0,2286,80.0,15,1.8599999944369,4.766666666666667,0.04888897379469256,0.03741908824189569,-1.0,1.0,1.0
3.0,2286,90.0,26,1.70769230562907,4.619230738052955,0.03277462211649621,0.02799000604580664,-1.0,1.0,1.0
3.0,2286,100.0,10,1.4700000055134297,4.929999923706054,0.01496938221252205,0.01666150881473591,-1.0,1.0,1.0
3.0,2286,110.0,20,4.689999973773956,6.129999995231628,0.008016163056496415,0.011301634797188395,-1.0,1.0,1.0
3.0,2286,120.0,21,0.2571428730374291,4.647619054431007,0.002901565390839676,0.006894158660864515,-1.0,1.0,1.0
3.0,2286,130.0,16,-0.8062499999068677,3.931250050663948,-0.006664336087566363,-0.0005250546603226751,1.0,-1.0,-1.0
3.0,2286,140.0,12,-1.2750000016142924,3.925000031789144,-0.019084057534872308,-0.008985144026182142,1.0,-1.0,-1.0
3.0,2286,150.0,6,-7.200000127156575,12.083333174387613,-0.039907891938784364,-0.022502462222948185,1.0,-1.0,-1.0
3.0,2286,160.0,13,-6.138461553133451,14.52307708446796,-0.050907332980442074,-0.03004274177411039,1.0,-1.0,-1.0
3.0,2286,170.0,25,-4.524000015258789,6.9319999885559085,-0.05409985698654629,-0.0342821607591666,1.0,-1.0,-1.0
3.0,2286,180.0,36,-0.3611111044883728,4.363888906108008,-0.04222630275955918,-0.030522453068581517,1.0,-1.0,-1.0
3.0,2286,190.0,9,-0.6111111276679568,3.8555555078718395,-0.032730620191522876,-0.026827924587884668,1.0,-1.0,-1.0
3.0,2286,200.0,3,0.800000011920929,5.400000095367432,-0.026682226480028964,-0.024589421900523167,-1.0,-1.0,-1.0
3.0,2286,210.0,22,0.26363635977560823,4.545454567128962,-0.033668734613533265,-0.029598652203625588,-1.0,-1.0,-1.0
3.0,2286,220.0,27,0.09999999762685209,4.888888888888889,-0.0517484446387634,-0.039597620842515564,-1.0,-1.0,-1.0
3.0,2286,230.0,30,-2.2933333247900007,6.0700000365575155,-0.06857130864791376,-0.04852862902448515,1.0,-1.0,-1.0
3.0,2286,240.0,1,-6.300000190734863,17.200000762939453,-0.0814474750491307,-0.0542660198437915,1.0,-1.0,-1.0
3.0,2286,250.0,13,2.115384633724506,14.823077055124136,-0.07791266910859537,-0.05145343948455066,-1.0,-1.0,-1.0
3.0,2286,260.0,24,0.7874999983857075,7.9750000437100725,-0.060039622429796664,-0.03956248380672369,-1.0,-1.0,-1.0
3.0,2286,270.0,2,0.15000000596046448,10.75,-0.041452821713390695,-0.0277532069964086,-1.0,-1.0,-1.0
3.0,2286,280.0,8,-5.287499953061342,12.162500143051147,0.0071785920970879125,0.00263064691000915,1.0,1.0,1.0
3.0,2286,290.0,3,-7.599999904632568,16.76666641235352,0.028845149233009265,0.016235953757603432,1.0,1.0,1.0
3.0,2286,300.0,5,1.9800000190734863,12.079999923706055,0.05108757144520184,0.030723093471319178,-1.0,1.0,1.0
3.0,2286,310.0,39,-2.9743589982390404,7.769230781457363,0.05445776430679382,0.0338490158524183,1.0,1.0,1.0
3.0,2286,320.0,7,-3.6571428775787354,8.100000177110944,0.04445467736404093,0.029267609982128857,1.0,1.0,1.0
3.0,2286,330.0,12,-4.083333313465118,6.950000007947286,0.02934319399705072,0.02131570087934265,1.0,1.0,1.0
3.0,2286,340.0,28,-1.9999999763177974,3.51428576026644,6.738454943639284e-05,0.005426905786246861,1.0,1.0,1.0
3.0,2286,350.0,26,-1.2807692487079363,4.215384584206801,-0.009097603049414192,0.0004915504707126616,1.0,-1.0,1.0
3.0,2287,0.0,12,-2.2166666562358537,7.299999992052714,-0.008885852571175608,-0.005713930935157675,1.0,-1.0,-1.0
3.0,2287,10.0,25,-0.6640000057220459,10.068000087738037,-0.004542009342332568,-0.001143233452995652,1.0,-1.0,-1.0
3.0,2287,20.0,17,-3.3941176148021923,7.376470565795898,0.007505566224158665,0.007756011579671311,1.0,1.0,1.0
3.0,2287,30.0,29,-1.5620689898215492,6.65862068636664,0.02032153763171593,0.0166216531462652,1.0,1.0,1.0
3.0,2287,40.0,16,-3.9874999783933163,9.63125005364418,0.03830151351481626,0.028636181870323695,1.0,1.0,1.0
3.0,2287,50.0,15,0.8599999775489171,14.493333307902018,0.06284706775991668,0.04486127669453017,-1.0,1.0,1.0
3.0,2287,60.0,3,-8.499999841054281,18.60000038146973,0.07050866502744953,0.050158791213558866,1.0,1.0,1.0
3.0,2287,70.0,7,-3.1428572109767368,11.557142734527588,0.07330016289524348,0.05373579055792637,1.0,1.0,1.0
3.0,2287,80.0,36,0.333333313672079,4.386111074023777,0.06647712955141044,0.05097351868071077,-1.0,1.0,1.0
3.0,2287,90.0,24,2.2499999941016235,5.379166642824809,0.053602172759088594,0.04472123654388133,-1.0,1.0,1.0
3.0,2287,100.0,24,2.4666666658595204,5.875,0.04060465349853755,0.037769167190156695,-1.0,1.0,1.0
3.0,2287,110.0,10,2.8200000047683718,6.4499999523162845,0.03676531929624636,0.03489711040128491,-1.0,1.0,1.0
3.0,2287,120.0,22,1.2818181839856235,5.254545471884987,0.03945846377909678,0.034361115193000655,-1.0,1.0,1.0
3.0,2287,130.0,9,0.36666667544179493,7.055555608537462,0.0427107263288502,0.03365138386493418,-1.0,1.0,1.0
3.0,2287,140.0,9,0.5999999377462599,10.133333312140572,0.04079735351936547,0.030123722055079922,-1.0,1.0,1.0
3.0,2287,150.0,12,-0.541666696468989,17.583333333333332,0.022574438207246226,0.016788543397332992,1.0,1.0,1.0
3.0,2287,160.0,13,-2.2384615494654727,19.384615311255825,0.0010958209287659617,0.003003755829703331,1.0,1.0,1.0
3.0,2287,170.0,36,-6.3583333608176975,16.92222211096022,-0.022583451057370692,-0.012587980764873642,1.0,-1.0,-1.0
3.0,2287,180.0,14,-1.9214285580175263,5.278571452413287,-0.032992998010836966,-0.02096793541137201,1.0,-1.0,-1.0
3.0,2287,190.0,35,1.274285701555865,7.1628571782793315,-0.036953440706903165,-0.026116619192227852,-1.0,-1.0,-1.0
3.0,2287,200.0,30,-1.156666644414266,5.840000001589457,-0.04194065434714529,-0.033543982582059685,1.0,-1.0,-1.0
3.0,2287,210.0,10,-2.5700000166893004,5.869999980926513,-0.051015091168253236,-0.04079723944043923,1.0,-1.0,-1.0
3.0,2287,220.0,1,-2.700000047683716,12.300000190734863,-0.0819416669790638,-0.0602085778222209,1.0,-1.0,-1.0
3.0,2287,230.0,2,-1.800000011920929,17.899999618530273,-0.1011293033785242,-0.071184866081304,1.0,-1.0,-1.0
3.0,2287,240.0,38,0.6500000985045183,10.9000000326257,-0.11260700236291603,-0.07731066837931995,-1.0,-1.0,-1.0
3.0,2287,250.0,38,-3.584210515022278,6.742105308331941,-0.11223958464729461,-0.07608237467802788,1.0,-1.0,-1.0
3.0,2287,260.0,14,-2.8285713962146213,6.007142918450492,-0.09777933019055922,-0.06673666659819691,1.0,-1.0,-1.0
3.0,2287,270.0,19,-3.6105263139072217,7.221052671733656,-0.0715167441861939,-0.050393833632172376,1.0,-1.0,-1.0
3.0,2287,280.0,12,-1.3416666487852733,8.416666706403097,-0.02740613727331513,-0.02338615685326542,1.0,-1.0,-1.0
3.0,2287,290.0,6,1.1999999781449635,8.96666661898295,0.003105142538920561,-0.004801641007573684,-1.0,1.0,-1.0
3.0,2287,310.0,28,-0.778571430593729,6.2607143095561435,0.04402086560549506,0.020922679921225807,1.0,1.0,1.0
3.0,2287,320.0,35,-1.3399999950613295,4.7314285482679095,0.03799023390064814,0.01835392973659235,1.0,1.0,1.0
3.0,2287,330.0,8,-3.774999976158142,7.050000071525574,0.029318037931293273,0.013813278654166674,1.0,1.0,1.0
3.0,2287,350.0,25,-2.9120000076293944,9.83199993133545,-0.005745999482046348,-0.004657971060699016,1.0,-1.0,-1.0
3.0,2290,0.0,53,-0.22075470002754677,4.1716980979127705,-0.042805582744252425,-0.02257948540187254,1.0,-1.0,-1.0
3.0,2290,10.0,23,-1.995652154735897,5.943478294040846,-0.028355813341183388,-0.011682219122644541,1.0,-1.0,-1.0
3.0,2290,20.0,11,-3.8636363419619473,8.036363688382236,0.004219181023462555,0.010596381746404709,1.0,1.0,1.0
3.0,2290,30.0,7,-5.614285707473755,7.842857224600656,0.030891839906757087,0.0286083556675899,1.0,1.0,1.0
3.0,2290,40.0,36,-1.4333333135065105,4.994444436497158,0.06124959592053584,0.04950206576646749,1.0,1.0,1.0
3.0,2290,50.0,21,4.038095224471319,5.866666714350383,0.07911377273006168,0.06217261929932497,-1.0,1.0,1.0
3.0,2290,60.0,12,4.266666665673256,7.491666714350383,0.09298310604335795,0.07230333634519222,-1.0,1.0,1.0
3.0,2290,70.0,2,7.0,13.300000190734863,0.09981495963727194,0.07785541697837736,-1.0,1.0,1.0
3.0,2290,80.0,4,11.774999856948853,21.924999713897705,0.0937114586507178,0.0757495673469828,-1.0,1.0,1.0
3.0,2290,90.0,26,8.876923047579252,13.557692289352417,0.08464426702696796,0.07085728281813514,-1.0,1.0,1.0
3.0,2290,100.0,7,3.9571428980146135,6.514285700661795,0.07659545781129398,0.06629931766303325,-1.0,1.0,1.0
3.0,2290,110.0,13,4.999999963320219,11.253846205197847,0.054983131046618006,0.052772253081202466,-1.0,1.0,1.0
3.0,2290,120.0,25,5.132000041007996,7.144000015258789,0.0527867070162225,0.05046915240018758,-1.0,1.0,1.0
3.0,2290,130.0,12,4.866666615009308,6.858333230018616,0.0557801823572249,0.050229268726189574,-1.0,1.0,1.0
3.0,2290,140.0,14,5.235714299338205,7.607142857142857,0.0637341261889718,0.052396905576631334,-1.0,1.0,1.0
3.0,2290,150.0,34,5.385294121854446,7.520588229684269,0.07095589465310759,0.05355649538311867,-1.0,1.0,1.0
3.0,2290,160.0,28,6.167857127530234,8.832142863954816,0.06943721942250894,0.05111390157946919,-1.0,1.0,1.0
3.0,2290,170.0,7,5.6000000068119595,11.085714067731585,0.04852249825812043,0.0363446177489372,-1.0,1.0,1.0
3.0,2290,180.0,24,4.308333327372869,10.325000007947287,0.0283172077322352,0.023346060938648782,-1.0,1.0,1.0
3.0,2290,190.0,16,-4.343749973922968,6.918749958276749,-0.010736953236586987,-0.00166010761495465,1.0,-1.0,-1.0
3.0,2290,200.0,21,-4.066666631471543,6.947619029453823,-0.04430814196739231,-0.023512210776626605,1.0,-1.0,-1.0
3.0,2290,210.0,16,-4.837500035762787,8.143749982118607,-0.07853684447556897,-0.04615734713292482,1.0,-1.0,-1.0
3.0,2290,220.0,32,-1.0968749995809048,4.3249999806284904,-0.11334450022063364,-0.06937502128676473,1.0,-1.0,-1.0
3.0,2290,230.0,27,0.42592591847534533,4.566666656070286,-0.13416256525154535,-0.08320982047937805,-1.0,-1.0,-1.0
3.0,2290,240.0,12,0.6666666666666666,13.141666829586029,-0.14833363736882108,-0.09259745525481096,-1.0,-1.0,-1.0
3.0,2290,250.0,12,-1.9499999781449635,13.991666714350382,-0.1516402648387567,-0.09495499667278302,1.0,-1.0,-1.0
3.0,2290,260.0,18,-3.2444444940321975,10.42222229639689,-0.14448332274628106,-0.09069229754501525,1.0,-1.0,-1.0
3.0,2290,270.0,15,-4.866666666666666,9.36000000635783,-0.12738730273189708,-0.08038303924310072,1.0,-1.0,-1.0
3.0,2290,280.0,28,-2.149999996115054,5.646428559507642,-0.0999555678787258,-0.06405280765257569,1.0,-1.0,-1.0
3.0,2290,290.0,25,-1.8760000228881837,4.747999992370605,-0.07705333265089985,-0.050670970809530536,1.0,-1.0,-1.0
3.0,2290,300.0,10,-5.259999990463257,9.189999961853028,-0.04697766158050285,-0.033475769297912975,1.0,-1.0,-1.0
3.0,2290,310.0,7,-4.457142838409969,7.928571292332241,-0.034726270834481716,-0.0264970464147144,1.0,-1.0,-1.0
3.0,2290,320.0,40,-3.4574999868869782,6.76749997138977,-0.03128161916801463,-0.024284551318473926,1.0,-1.0,-1.0
3.0,2290,330.0,9,-3.1999999996688633,9.999999947018093,-0.034991409865655236,-0.025454313109119265,1.0,-1.0,-1.0
3.0,2290,340.0,17,-2.4823529334629284,9.341176397660199,-0.04356849300568577,-0.0282808397937736,1.0,-1.0,-1.0
3.0,2290,350.0,7,-2.757142867360796,5.9571428298950195,-0.04769882106571945,-0.028040559912857872,1.0,-1.0,-1.0
