sample,rss,cr,x,y,method,r,n,abs_r,null_p_two_sided_abs,null_abs_percentile,null_abs_p95
final_with_cr2284,2.0,all,pfss_equator_abs_mean,speed_mean,pearson,0.0991852469557167,180,0.0991852469557167,0.31334332833583206,68.7,0.1997345232742852
final_with_cr2284,2.0,all,pfss_equator_abs_mean,speed_mean,spearman,-0.06020147751550614,180,0.06020147751550614,0.5802098950524738,42.0,0.20117735175849227
final_with_cr2284,2.0,all,pfss_equator_abs_mean,bmag_mean,pearson,0.266863494162589,180,0.266863494162589,0.005497251374312844,99.5,0.1817784638258428
final_with_cr2284,2.0,all,pfss_equator_abs_mean,bmag_mean,spearman,0.28034933194923917,180,0.28034933194923917,0.005497251374312844,99.5,0.19427482035189886
final_with_cr2284,2.0,all,pfss_equator_abs_mean,density_mean,pearson,0.23496219002155574,180,0.23496219002155574,0.0399800099950025,96.05,0.22322167254251282
final_with_cr2284,2.0,all,pfss_equator_abs_mean,density_mean,spearman,0.29592389473130387,180,0.29592389473130387,0.02498750624687656,97.55,0.25623777289311334
final_with_cr2284,2.0,all,pfss_equator_abs_mean,pdyn_mean,pearson,0.19560787179742647,180,0.19560787179742647,0.054972513743128434,94.55,0.19844302744999234
final_with_cr2284,2.0,all,pfss_equator_abs_mean,pdyn_mean,spearman,0.2893258022366945,180,0.2893258022366945,0.02048975512243878,98.0,0.250634690371102
final_with_cr2284,2.0,all,pfss_equator_abs_mean,ma_mean,pearson,-0.06133836489760031,180,0.06133836489760031,0.5252373813093453,47.5,0.18987151458674384
final_with_cr2284,2.0,all,pfss_equator_abs_mean,ma_mean,spearman,-0.10245995246766876,180,0.10245995246766876,0.2868565717141429,71.35000000000001,0.18131753037645193
final_with_cr2284,2.0,all,pfss_midlat_abs_mean,speed_mean,pearson,0.05968790494588767,180,0.05968790494588767,0.5262368815592204,47.4,0.18297210869350505
final_with_cr2284,2.0,all,pfss_midlat_abs_mean,speed_mean,spearman,-0.11785760767186126,180,0.11785760767186126,0.2638680659670165,73.65,0.2043547148341859
final_with_cr2284,2.0,all,pfss_midlat_abs_mean,bmag_mean,pearson,0.24647133077930572,180,0.24647133077930572,0.008995502248875561,99.15,0.18475713153710743
final_with_cr2284,2.0,all,pfss_midlat_abs_mean,bmag_mean,spearman,0.26165635855861075,180,0.26165635855861075,0.00849575212393803,99.2,0.19407887798950987
final_with_cr2284,2.0,all,pfss_midlat_abs_mean,density_mean,pearson,0.22666834483906972,180,0.22666834483906972,0.0559720139930035,94.45,0.2315010126462355
final_with_cr2284,2.0,all,pfss_midlat_abs_mean,density_mean,spearman,0.2936892567102546,180,0.2936892567102546,0.03248375812093953,96.8,0.2715191165978304
final_with_cr2284,2.0,all,pfss_midlat_abs_mean,pdyn_mean,pearson,0.17011340386177304,180,0.17011340386177304,0.0864567716141929,91.4,0.19150392171393854
final_with_cr2284,2.0,all,pfss_midlat_abs_mean,pdyn_mean,spearman,0.2678889266129613,180,0.2678889266129613,0.044977511244377814,95.55,0.2619174460117082
final_with_cr2284,2.0,all,pfss_midlat_abs_mean,ma_mean,pearson,-0.05700828649625795,180,0.05700828649625795,0.5407296351824088,45.95,0.18217856933887314
final_with_cr2284,2.0,all,pfss_midlat_abs_mean,ma_mean,spearman,-0.09391030587363808,180,0.09391030587363808,0.34632683658170915,65.4,0.18399477350123972
final_with_cr2284,2.0,all,pfss_global_abs_mean,speed_mean,pearson,-0.04358065623496401,180,0.04358065623496401,0.6611694152923538,33.900000000000006,0.18500806783545423
final_with_cr2284,2.0,all,pfss_global_abs_mean,speed_mean,spearman,-0.1822948148064558,180,0.1822948148064558,0.0944527736131934,90.60000000000001,0.21149639983561952
final_with_cr2284,2.0,all,pfss_global_abs_mean,bmag_mean,pearson,0.2026001698989301,180,0.2026001698989301,0.037481259370314844,96.3,0.1920838545236482
final_with_cr2284,2.0,all,pfss_global_abs_mean,bmag_mean,spearman,0.23707739800480418,180,0.23707739800480418,0.012993503248375811,98.75,0.20073026982845224
final_with_cr2284,2.0,all,pfss_global_abs_mean,density_mean,pearson,0.18198008728398946,180,0.18198008728398946,0.14042978510744628,86.0,0.23342672256738436
final_with_cr2284,2.0,all,pfss_global_abs_mean,density_mean,spearman,0.2506004560843033,180,0.2506004560843033,0.07196401799100449,92.85,0.26629714203998606
final_with_cr2284,2.0,all,pfss_global_abs_mean,pdyn_mean,pearson,0.07613648802924097,180,0.07613648802924097,0.4332833583208396,56.699999999999996,0.17921615465866503
final_with_cr2284,2.0,all,pfss_global_abs_mean,pdyn_mean,spearman,0.1971501178019898,180,0.1971501178019898,0.14392803598200898,85.65,0.2522514069364281
final_with_cr2284,2.0,all,pfss_global_abs_mean,ma_mean,pearson,-0.08634534892582814,180,0.08634534892582814,0.3758120939530235,62.45,0.1853215074314537
final_with_cr2284,2.0,all,pfss_global_abs_mean,ma_mean,spearman,-0.1262322911200963,180,0.1262322911200963,0.19940029985007496,80.10000000000001,0.20170931201580297
ambient_without_cr2284,2.0,all,pfss_equator_abs_mean,speed_mean,pearson,-0.06738483761968579,144,0.06738483761968579,0.6896551724137931,31.05,0.29830738657522615
ambient_without_cr2284,2.0,all,pfss_equator_abs_mean,speed_mean,spearman,-0.08771208877113258,144,0.08771208877113258,0.5167416291854073,48.35,0.24597735911249366
ambient_without_cr2284,2.0,all,pfss_equator_abs_mean,bmag_mean,pearson,0.3113654191379859,144,0.3113654191379859,0.0069965017491254375,99.35000000000001,0.2290628010683915
ambient_without_cr2284,2.0,all,pfss_equator_abs_mean,bmag_mean,spearman,0.31074904624749056,144,0.31074904624749056,0.004497751124437781,99.6,0.2126298254058478
ambient_without_cr2284,2.0,all,pfss_equator_abs_mean,density_mean,pearson,0.2878648411844139,144,0.2878648411844139,0.02848575712143928,97.2,0.25865448810978814
ambient_without_cr2284,2.0,all,pfss_equator_abs_mean,density_mean,spearman,0.3738871210988957,144,0.3738871210988957,0.011494252873563218,98.9,0.30095480764705296
ambient_without_cr2284,2.0,all,pfss_equator_abs_mean,pdyn_mean,pearson,0.3075550685656765,144,0.3075550685656765,0.028985507246376812,97.15,0.2763408378243537
ambient_without_cr2284,2.0,all,pfss_equator_abs_mean,pdyn_mean,spearman,0.3426975323527048,144,0.3426975323527048,0.01999000499750125,98.05,0.29577465637810463
ambient_without_cr2284,2.0,all,pfss_equator_abs_mean,ma_mean,pearson,-0.06734738734194164,144,0.06734738734194164,0.5347326336831584,46.550000000000004,0.21942079968718142
ambient_without_cr2284,2.0,all,pfss_equator_abs_mean,ma_mean,spearman,-0.10280122176673902,144,0.10280122176673902,0.3333333333333333,66.7,0.20901535246362835
ambient_without_cr2284,2.0,all,pfss_midlat_abs_mean,speed_mean,pearson,-0.12204319690185221,144,0.12204319690185221,0.44577711144427784,55.45,0.2772616215989265
ambient_without_cr2284,2.0,all,pfss_midlat_abs_mean,speed_mean,spearman,-0.14214305737393373,144,0.14214305737393373,0.2733633183408296,72.7,0.24059223594602205
ambient_without_cr2284,2.0,all,pfss_midlat_abs_mean,bmag_mean,pearson,0.2945223564376784,144,0.2945223564376784,0.010494752623688156,99.0,0.22952872143672776
ambient_without_cr2284,2.0,all,pfss_midlat_abs_mean,bmag_mean,spearman,0.28721594648349286,144,0.28721594648349286,0.009995002498750625,99.05000000000001,0.21175881335796937
ambient_without_cr2284,2.0,all,pfss_midlat_abs_mean,density_mean,pearson,0.2829713227113845,144,0.2829713227113845,0.030984507746126936,96.95,0.2615836445409863
ambient_without_cr2284,2.0,all,pfss_midlat_abs_mean,density_mean,spearman,0.3658974016332946,144,0.3658974016332946,0.018490754622688656,98.2,0.30618509985657666
ambient_without_cr2284,2.0,all,pfss_midlat_abs_mean,pdyn_mean,pearson,0.277893986519682,144,0.277893986519682,0.047476261869065464,95.3,0.2740487229436007
ambient_without_cr2284,2.0,all,pfss_midlat_abs_mean,pdyn_mean,spearman,0.3147335423197492,144,0.3147335423197492,0.03948025987006497,96.1,0.297237963186239
ambient_without_cr2284,2.0,all,pfss_midlat_abs_mean,ma_mean,pearson,-0.060389385622960506,144,0.060389385622960506,0.5807096451774113,41.949999999999996,0.21026721101716747
ambient_without_cr2284,2.0,all,pfss_midlat_abs_mean,ma_mean,spearman,-0.09560726629692147,144,0.09560726629692147,0.36881559220389803,63.14999999999999,0.21306848324089697
ambient_without_cr2284,2.0,all,pfss_global_abs_mean,speed_mean,pearson,-0.16665374185379736,144,0.16665374185379736,0.25287356321839083,74.75,0.2699629557790306
ambient_without_cr2284,2.0,all,pfss_global_abs_mean,speed_mean,spearman,-0.18889175798956365,144,0.18889175798956365,0.14942528735632185,85.1,0.2462423099453758
ambient_without_cr2284,2.0,all,pfss_global_abs_mean,bmag_mean,pearson,0.2898662830986009,144,0.2898662830986009,0.017991004497751123,98.25,0.23601044997893522
ambient_without_cr2284,2.0,all,pfss_global_abs_mean,bmag_mean,spearman,0.2616512555777138,144,0.2616512555777138,0.01649175412293853,98.4,0.21603640788171807
ambient_without_cr2284,2.0,all,pfss_global_abs_mean,density_mean,pearson,0.2609468058178611,144,0.2609468058178611,0.04897551224387806,95.15,0.2585340592548125
ambient_without_cr2284,2.0,all,pfss_global_abs_mean,density_mean,spearman,0.3312277260950612,144,0.3312277260950612,0.02798600699650175,97.25,0.30042520740430667
ambient_without_cr2284,2.0,all,pfss_global_abs_mean,pdyn_mean,pearson,0.2268149639324741,144,0.2268149639324741,0.095952023988006,90.45,0.26769573803611024
ambient_without_cr2284,2.0,all,pfss_global_abs_mean,pdyn_mean,spearman,0.26157463226428745,144,0.26157463226428745,0.08295852073963018,91.75,0.2885941644562334
ambient_without_cr2284,2.0,all,pfss_global_abs_mean,ma_mean,pearson,-0.06885899838304217,144,0.06885899838304217,0.5342328835582209,46.6,0.21270861950948278
ambient_without_cr2284,2.0,all,pfss_global_abs_mean,ma_mean,spearman,-0.11690780483883934,144,0.11690780483883934,0.3053473263368316,69.5,0.22350996704444975
final_with_cr2284,2.5,all,pfss_equator_abs_mean,speed_mean,pearson,0.10724001046969721,180,0.10724001046969721,0.2773613193403298,72.3,0.1919924180669559
final_with_cr2284,2.5,all,pfss_equator_abs_mean,speed_mean,spearman,-0.01158267393302251,180,0.01158267393302251,0.9215392303848076,7.85,0.20412024457580952
final_with_cr2284,2.5,all,pfss_equator_abs_mean,bmag_mean,pearson,0.25612154301870915,180,0.25612154301870915,0.004997501249375313,99.55000000000001,0.17282929348118894
final_with_cr2284,2.5,all,pfss_equator_abs_mean,bmag_mean,spearman,0.29855772223309307,180,0.29855772223309307,0.001999000499750125,99.85000000000001,0.20289679871644742
final_with_cr2284,2.5,all,pfss_equator_abs_mean,density_mean,pearson,0.2231027597646069,180,0.2231027597646069,0.05647176411794103,94.39999999999999,0.2273612113463991
final_with_cr2284,2.5,all,pfss_equator_abs_mean,density_mean,spearman,0.2685226910295585,180,0.2685226910295585,0.02498750624687656,97.55,0.23655925594411348
final_with_cr2284,2.5,all,pfss_equator_abs_mean,pdyn_mean,pearson,0.1918745894047536,180,0.1918745894047536,0.04897551224387806,95.15,0.19081317594277672
final_with_cr2284,2.5,all,pfss_equator_abs_mean,pdyn_mean,spearman,0.2799222198215994,180,0.2799222198215994,0.013493253373313344,98.7,0.22625883514923295
final_with_cr2284,2.5,all,pfss_equator_abs_mean,ma_mean,pearson,-0.07945455523257991,180,0.07945455523257991,0.42328835582208896,57.699999999999996,0.18766842973501893
final_with_cr2284,2.5,all,pfss_equator_abs_mean,ma_mean,spearman,-0.131481424323796,180,0.131481424323796,0.16041979010494753,84.0,0.17585769108100044
final_with_cr2284,2.5,all,pfss_midlat_abs_mean,speed_mean,pearson,0.0746168977245239,180,0.0746168977245239,0.4302848575712144,56.99999999999999,0.18371642868250138
final_with_cr2284,2.5,all,pfss_midlat_abs_mean,speed_mean,spearman,-0.06580662551998454,180,0.06580662551998454,0.585207396301849,41.5,0.20844867480352477
final_with_cr2284,2.5,all,pfss_midlat_abs_mean,bmag_mean,pearson,0.24254354546962983,180,0.24254354546962983,0.0069965017491254375,99.35000000000001,0.17851237650272028
final_with_cr2284,2.5,all,pfss_midlat_abs_mean,bmag_mean,spearman,0.2769191831637059,180,0.2769191831637059,0.005497251374312844,99.5,0.20303250256312164
final_with_cr2284,2.5,all,pfss_midlat_abs_mean,density_mean,pearson,0.22095765847200155,180,0.22095765847200155,0.06096951524237881,93.95,0.23116114784979305
final_with_cr2284,2.5,all,pfss_midlat_abs_mean,density_mean,spearman,0.2677407738921983,180,0.2677407738921983,0.03648175912043978,96.39999999999999,0.2495704599936212
final_with_cr2284,2.5,all,pfss_midlat_abs_mean,pdyn_mean,pearson,0.16985356402632715,180,0.16985356402632715,0.05997001499250375,94.05,0.17811484977907943
final_with_cr2284,2.5,all,pfss_midlat_abs_mean,pdyn_mean,spearman,0.25806352047902714,180,0.25806352047902714,0.031484257871064465,96.89999999999999,0.23361389754827824
final_with_cr2284,2.5,all,pfss_midlat_abs_mean,ma_mean,pearson,-0.07767223901374819,180,0.07767223901374819,0.4407796101949025,55.95,0.18556383378430552
final_with_cr2284,2.5,all,pfss_midlat_abs_mean,ma_mean,spearman,-0.12207578423202362,180,0.12207578423202362,0.20889555222388806,79.14999999999999,0.18364013292591333
final_with_cr2284,2.5,all,pfss_global_abs_mean,speed_mean,pearson,-0.026302785272328304,180,0.026302785272328304,0.7816091954022989,21.85,0.1855563544409616
final_with_cr2284,2.5,all,pfss_global_abs_mean,speed_mean,spearman,-0.14538735288890364,180,0.14538735288890364,0.2433783108445777,75.7,0.22261677069959482
final_with_cr2284,2.5,all,pfss_global_abs_mean,bmag_mean,pearson,0.2061238729741023,180,0.2061238729741023,0.022988505747126436,97.75,0.1802395346484423
final_with_cr2284,2.5,all,pfss_global_abs_mean,bmag_mean,spearman,0.23645700816746867,180,0.23645700816746867,0.017991004497751123,98.25,0.19804957871623077
final_with_cr2284,2.5,all,pfss_global_abs_mean,density_mean,pearson,0.18192699867752773,180,0.18192699867752773,0.13843078460769614,86.2,0.22967113629172717
final_with_cr2284,2.5,all,pfss_global_abs_mean,density_mean,spearman,0.21868370422955438,180,0.21868370422955438,0.08945527236381809,91.10000000000001,0.24939884975873738
final_with_cr2284,2.5,all,pfss_global_abs_mean,pdyn_mean,pearson,0.0818791797045357,180,0.0818791797045357,0.34132933533233384,65.9,0.1538153301080844
final_with_cr2284,2.5,all,pfss_global_abs_mean,pdyn_mean,spearman,0.1747234996964927,180,0.1747234996964927,0.15642178910544727,84.39999999999999,0.23181209296583227
final_with_cr2284,2.5,all,pfss_global_abs_mean,ma_mean,pearson,-0.1143968036572418,180,0.1143968036572418,0.2518740629685157,74.85000000000001,0.19170729710773182
final_with_cr2284,2.5,all,pfss_global_abs_mean,ma_mean,spearman,-0.14609092873236829,180,0.14609092873236829,0.16891554222888555,83.15,0.20127894893875323
ambient_without_cr2284,2.5,all,pfss_equator_abs_mean,speed_mean,pearson,-0.02034773034744953,144,0.02034773034744953,0.9295352323838081,7.049999999999999,0.3234592063808865
ambient_without_cr2284,2.5,all,pfss_equator_abs_mean,speed_mean,spearman,-0.026892988692660786,144,0.026892988692660786,0.8580709645177411,14.2,0.2624752079323841
ambient_without_cr2284,2.5,all,pfss_equator_abs_mean,bmag_mean,pearson,0.2952437873956218,144,0.2952437873956218,0.013493253373313344,98.7,0.23765644815508402
ambient_without_cr2284,2.5,all,pfss_equator_abs_mean,bmag_mean,spearman,0.3135080716062104,144,0.3135080716062104,0.0069965017491254375,99.35000000000001,0.23707462932516318
ambient_without_cr2284,2.5,all,pfss_equator_abs_mean,density_mean,pearson,0.2560844838001023,144,0.2560844838001023,0.057971014492753624,94.25,0.2619080175999662
ambient_without_cr2284,2.5,all,pfss_equator_abs_mean,density_mean,spearman,0.32419017763845354,144,0.32419017763845354,0.017491254372813594,98.3,0.2755787316132144
ambient_without_cr2284,2.5,all,pfss_equator_abs_mean,pdyn_mean,pearson,0.30452902728198467,144,0.30452902728198467,0.03398300849575212,96.65,0.2871323599348451
ambient_without_cr2284,2.5,all,pfss_equator_abs_mean,pdyn_mean,spearman,0.31809741982155776,144,0.31809741982155776,0.017991004497751123,98.25,0.27757133670926776
ambient_without_cr2284,2.5,all,pfss_equator_abs_mean,ma_mean,pearson,-0.06666875442375204,144,0.06666875442375204,0.559720139930035,44.05,0.2027521087253074
ambient_without_cr2284,2.5,all,pfss_equator_abs_mean,ma_mean,spearman,-0.13525440077164214,144,0.13525440077164214,0.20239880059970014,79.80000000000001,0.200766819387509
ambient_without_cr2284,2.5,all,pfss_midlat_abs_mean,speed_mean,pearson,-0.055631561497882,144,0.055631561497882,0.7891054472763618,21.099999999999998,0.3139216776294992
ambient_without_cr2284,2.5,all,pfss_midlat_abs_mean,speed_mean,spearman,-0.07815906711507445,144,0.07815906711507445,0.6116941529235382,38.85,0.26382367539574886
ambient_without_cr2284,2.5,all,pfss_midlat_abs_mean,bmag_mean,pearson,0.28891029245450944,144,0.28891029245450944,0.014992503748125937,98.55000000000001,0.2380547864938036
ambient_without_cr2284,2.5,all,pfss_midlat_abs_mean,bmag_mean,spearman,0.2833316085239841,144,0.2833316085239841,0.01649175412293853,98.4,0.2369519501568093
ambient_without_cr2284,2.5,all,pfss_midlat_abs_mean,density_mean,pearson,0.2609050790830649,144,0.2609050790830649,0.05897051474262868,94.15,0.2665909521305709
ambient_without_cr2284,2.5,all,pfss_midlat_abs_mean,density_mean,spearman,0.32588618278273457,144,0.32588618278273457,0.02498750624687656,97.55,0.28205128205128205
ambient_without_cr2284,2.5,all,pfss_midlat_abs_mean,pdyn_mean,pearson,0.2927370869684454,144,0.2927370869684454,0.046476761619190406,95.39999999999999,0.28852789333610096
ambient_without_cr2284,2.5,all,pfss_midlat_abs_mean,pdyn_mean,spearman,0.29837231733783465,144,0.29837231733783465,0.0399800099950025,96.05,0.28574009324009325
ambient_without_cr2284,2.5,all,pfss_midlat_abs_mean,ma_mean,pearson,-0.0592353820432045,144,0.0592353820432045,0.6041979010494752,39.6,0.2025365371704964
ambient_without_cr2284,2.5,all,pfss_midlat_abs_mean,ma_mean,spearman,-0.11292098705891811,144,0.11292098705891811,0.29685157421289354,70.35,0.20660316694799455
ambient_without_cr2284,2.5,all,pfss_global_abs_mean,speed_mean,pearson,-0.09821171609387348,144,0.09821171609387348,0.6151924037981009,38.5,0.3130803849964896
ambient_without_cr2284,2.5,all,pfss_global_abs_mean,speed_mean,spearman,-0.13778461897105823,144,0.13778461897105823,0.3698150924537731,63.05,0.2814477964956178
ambient_without_cr2284,2.5,all,pfss_global_abs_mean,bmag_mean,pearson,0.2897900835261215,144,0.2897900835261215,0.017991004497751123,98.25,0.2453706621770837
ambient_without_cr2284,2.5,all,pfss_global_abs_mean,bmag_mean,spearman,0.24417073001653072,144,0.24417073001653072,0.04247876061969016,95.8,0.23276176830830037
ambient_without_cr2284,2.5,all,pfss_global_abs_mean,density_mean,pearson,0.2428104902616867,144,0.2428104902616867,0.08295852073963018,91.75,0.2665558018792998
ambient_without_cr2284,2.5,all,pfss_global_abs_mean,density_mean,spearman,0.2905594405594406,144,0.2905594405594406,0.04597701149425287,95.45,0.2852951933124347
ambient_without_cr2284,2.5,all,pfss_global_abs_mean,pdyn_mean,pearson,0.24671472684614587,144,0.24671472684614587,0.09745127436281859,90.3,0.2742096690108678
ambient_without_cr2284,2.5,all,pfss_global_abs_mean,pdyn_mean,spearman,0.2342858291134153,144,0.2342858291134153,0.12093953023488256,87.94999999999999,0.2798850574712643
ambient_without_cr2284,2.5,all,pfss_global_abs_mean,ma_mean,pearson,-0.07419988626250434,144,0.07419988626250434,0.5382308845577212,46.2,0.21227241396841268
ambient_without_cr2284,2.5,all,pfss_global_abs_mean,ma_mean,spearman,-0.12534362189534604,144,0.12534362189534604,0.28535732133933034,71.5,0.22005847600675185
final_with_cr2284,3.0,all,pfss_equator_abs_mean,speed_mean,pearson,0.0945160395685455,180,0.0945160395685455,0.35582208895552225,64.45,0.20727917957559377
final_with_cr2284,3.0,all,pfss_equator_abs_mean,speed_mean,spearman,-0.010913928324880334,180,0.010913928324880334,0.9330334832583708,6.7,0.2273046259707016
final_with_cr2284,3.0,all,pfss_equator_abs_mean,bmag_mean,pearson,0.2220085479865217,180,0.2220085479865217,0.010994502748625687,98.95,0.1625333150713389
final_with_cr2284,3.0,all,pfss_equator_abs_mean,bmag_mean,spearman,0.2528206903612022,180,0.2528206903612022,0.012993503248375811,98.75,0.20335103107661928
final_with_cr2284,3.0,all,pfss_equator_abs_mean,density_mean,pearson,0.21289809196641213,180,0.21289809196641213,0.07246376811594203,92.80000000000001,0.2260607673890679
final_with_cr2284,3.0,all,pfss_equator_abs_mean,density_mean,spearman,0.24779777153615848,180,0.24779777153615848,0.04147926036981509,95.89999999999999,0.23725001800467088
final_with_cr2284,3.0,all,pfss_equator_abs_mean,pdyn_mean,pearson,0.1787599772481297,180,0.1787599772481297,0.04847576211894053,95.19999999999999,0.17683651335004097
final_with_cr2284,3.0,all,pfss_equator_abs_mean,pdyn_mean,spearman,0.2558659217877095,180,0.2558659217877095,0.02348825587206397,97.7,0.22732759241540376
final_with_cr2284,3.0,all,pfss_equator_abs_mean,ma_mean,pearson,-0.0670645587991397,180,0.0670645587991397,0.5257371314342829,47.449999999999996,0.17437743409496362
final_with_cr2284,3.0,all,pfss_equator_abs_mean,ma_mean,spearman,-0.10716380135189356,180,0.10716380135189356,0.2353823088455772,76.5,0.16903206889101507
final_with_cr2284,3.0,all,pfss_midlat_abs_mean,speed_mean,pearson,0.06668657987598872,180,0.06668657987598872,0.4947526236881559,50.55,0.19589841302689842
final_with_cr2284,3.0,all,pfss_midlat_abs_mean,speed_mean,spearman,-0.055511029672786434,180,0.055511029672786434,0.6541729135432284,34.599999999999994,0.23452311750695815
final_with_cr2284,3.0,all,pfss_midlat_abs_mean,bmag_mean,pearson,0.20974166759586446,180,0.20974166759586446,0.01249375312343828,98.8,0.16736903112115553
final_with_cr2284,3.0,all,pfss_midlat_abs_mean,bmag_mean,spearman,0.24083574638919325,180,0.24083574638919325,0.01999000499750125,98.05,0.2056345389438931
final_with_cr2284,3.0,all,pfss_midlat_abs_mean,density_mean,pearson,0.20659509242345547,180,0.20659509242345547,0.09345327336331834,90.7,0.23573243501636845
final_with_cr2284,3.0,all,pfss_midlat_abs_mean,density_mean,spearman,0.25093778614566287,180,0.25093778614566287,0.05347326336831584,94.69999999999999,0.25619185777338804
final_with_cr2284,3.0,all,pfss_midlat_abs_mean,pdyn_mean,pearson,0.1566749398833028,180,0.1566749398833028,0.06046976511744128,94.0,0.16832366657164807
final_with_cr2284,3.0,all,pfss_midlat_abs_mean,pdyn_mean,spearman,0.2398057553216663,180,0.2398057553216663,0.050474762618690654,95.0,0.23980277169048428
final_with_cr2284,3.0,all,pfss_midlat_abs_mean,ma_mean,pearson,-0.06389560567815088,180,0.06389560567815088,0.568215892053973,43.2,0.17678717166993926
final_with_cr2284,3.0,all,pfss_midlat_abs_mean,ma_mean,spearman,-0.10402584441906643,180,0.10402584441906643,0.27136431784107945,72.89999999999999,0.1777491074827412
final_with_cr2284,3.0,all,pfss_global_abs_mean,speed_mean,pearson,-0.019170616404033704,180,0.019170616404033704,0.8460769615192404,15.4,0.1814789422926852
final_with_cr2284,3.0,all,pfss_global_abs_mean,speed_mean,spearman,-0.12613262357139463,180,0.12613262357139463,0.344327836081959,65.60000000000001,0.2512940741938572
final_with_cr2284,3.0,all,pfss_global_abs_mean,bmag_mean,pearson,0.17943036573775176,180,0.17943036573775176,0.04297851074462768,95.75,0.17175123857131544
final_with_cr2284,3.0,all,pfss_global_abs_mean,bmag_mean,spearman,0.1986852468107544,180,0.1986852468107544,0.054972513743128434,94.55,0.20458893000246026
final_with_cr2284,3.0,all,pfss_global_abs_mean,density_mean,pearson,0.17104997716617976,180,0.17104997716617976,0.20339830084957522,79.7,0.2469827848824607
final_with_cr2284,3.0,all,pfss_global_abs_mean,density_mean,spearman,0.19521178637200737,180,0.19521178637200737,0.15242378810594703,84.8,0.25838441515684635
final_with_cr2284,3.0,all,pfss_global_abs_mean,pdyn_mean,pearson,0.07907568407748589,180,0.07907568407748589,0.32983508245877063,67.05,0.14349561474387548
final_with_cr2284,3.0,all,pfss_global_abs_mean,pdyn_mean,spearman,0.1507104128728253,180,0.1507104128728253,0.2193903048475762,78.10000000000001,0.23182978898525675
final_with_cr2284,3.0,all,pfss_global_abs_mean,ma_mean,pearson,-0.09765342386409315,180,0.09765342386409315,0.375312343828086,62.5,0.1958087638058615
final_with_cr2284,3.0,all,pfss_global_abs_mean,ma_mean,spearman,-0.12813564204656522,180,0.12813564204656522,0.22638680659670166,77.4,0.2080526147926376
ambient_without_cr2284,3.0,all,pfss_equator_abs_mean,speed_mean,pearson,0.0008456906499902469,144,0.0008456906499902469,0.9975012493753124,0.25,0.3578573260761199
ambient_without_cr2284,3.0,all,pfss_equator_abs_mean,speed_mean,spearman,-0.016321068083523196,144,0.016321068083523196,0.9250374812593704,7.5,0.3027067814224852
ambient_without_cr2284,3.0,all,pfss_equator_abs_mean,bmag_mean,pearson,0.24704206193998599,144,0.24704206193998599,0.04297851074462768,95.75,0.23753193986856178
ambient_without_cr2284,3.0,all,pfss_equator_abs_mean,bmag_mean,spearman,0.251493299868807,144,0.251493299868807,0.03298350824587706,96.75,0.2357423395853006
ambient_without_cr2284,3.0,all,pfss_equator_abs_mean,density_mean,pearson,0.2279205811536659,144,0.2279205811536659,0.1024487756121939,89.8,0.26421407315363743
ambient_without_cr2284,3.0,all,pfss_equator_abs_mean,density_mean,spearman,0.2875894220721807,144,0.2875894220721807,0.0399800099950025,96.05,0.27699823165340404
ambient_without_cr2284,3.0,all,pfss_equator_abs_mean,pdyn_mean,pearson,0.2868483796929986,144,0.2868483796929986,0.059470264867566215,94.1,0.29497693517088114
ambient_without_cr2284,3.0,all,pfss_equator_abs_mean,pdyn_mean,spearman,0.28196688369102163,144,0.28196688369102163,0.06146926536731634,93.89999999999999,0.2880640623744072
ambient_without_cr2284,3.0,all,pfss_equator_abs_mean,ma_mean,pearson,-0.03535211834269639,144,0.03535211834269639,0.783608195902049,21.65,0.20233702799487122
ambient_without_cr2284,3.0,all,pfss_equator_abs_mean,ma_mean,spearman,-0.09528976770356082,144,0.09528976770356082,0.3708145927036482,62.949999999999996,0.19991319025801774
ambient_without_cr2284,3.0,all,pfss_midlat_abs_mean,speed_mean,pearson,-0.026954470796124386,144,0.026954470796124386,0.9050474762618691,9.5,0.35684660445616706
ambient_without_cr2284,3.0,all,pfss_midlat_abs_mean,speed_mean,spearman,-0.05945273581865517,144,0.05945273581865517,0.7141429285357321,28.599999999999998,0.3057332725134227
ambient_without_cr2284,3.0,all,pfss_midlat_abs_mean,bmag_mean,pearson,0.2429426924299872,144,0.2429426924299872,0.04847576211894053,95.19999999999999,0.24092717933302457
ambient_without_cr2284,3.0,all,pfss_midlat_abs_mean,bmag_mean,spearman,0.2340770778848118,144,0.2340770778848118,0.05247376311844078,94.8,0.23494738661231473
ambient_without_cr2284,3.0,all,pfss_midlat_abs_mean,density_mean,pearson,0.2282298464435218,144,0.2282298464435218,0.10844577711144428,89.2,0.2715652325426215
ambient_without_cr2284,3.0,all,pfss_midlat_abs_mean,density_mean,spearman,0.285270476649787,144,0.285270476649787,0.04547726136931534,95.5,0.281033076119283
ambient_without_cr2284,3.0,all,pfss_midlat_abs_mean,pdyn_mean,pearson,0.27417955229704505,144,0.27417955229704505,0.08445777111444278,91.60000000000001,0.2944355888056623
ambient_without_cr2284,3.0,all,pfss_midlat_abs_mean,pdyn_mean,spearman,0.2594043887147336,144,0.2594043887147336,0.10744627686156921,89.3,0.29649726710071533
ambient_without_cr2284,3.0,all,pfss_midlat_abs_mean,ma_mean,pearson,-0.03236594781071165,144,0.03236594781071165,0.8100949525237381,19.0,0.20901121664672506
ambient_without_cr2284,3.0,all,pfss_midlat_abs_mean,ma_mean,spearman,-0.08981593119524153,144,0.08981593119524153,0.41679160419790107,58.35,0.20696688369102162
ambient_without_cr2284,3.0,all,pfss_global_abs_mean,speed_mean,pearson,-0.05577134838100485,144,0.05577134838100485,0.7936031984007996,20.65,0.36283410378906855
ambient_without_cr2284,3.0,all,pfss_global_abs_mean,speed_mean,spearman,-0.10160578250519371,144,0.10160578250519371,0.55872063968016,44.15,0.3236419372282421
ambient_without_cr2284,3.0,all,pfss_global_abs_mean,bmag_mean,pearson,0.24831920273372315,144,0.24831920273372315,0.047476261869065464,95.3,0.24522676188535286
ambient_without_cr2284,3.0,all,pfss_global_abs_mean,bmag_mean,spearman,0.2036434004938337,144,0.2036434004938337,0.09495252373813093,90.55,0.228607556273281
ambient_without_cr2284,3.0,all,pfss_global_abs_mean,density_mean,pearson,0.21063026929532608,144,0.21063026929532608,0.15942028985507245,84.1,0.28175760790272153
ambient_without_cr2284,3.0,all,pfss_global_abs_mean,density_mean,spearman,0.2443252150148702,144,0.2443252150148702,0.12093953023488256,87.94999999999999,0.2950948476810546
ambient_without_cr2284,3.0,all,pfss_global_abs_mean,pdyn_mean,pearson,0.23611229280215895,144,0.23611229280215895,0.16241879060469766,83.8,0.2903803447057099
ambient_without_cr2284,3.0,all,pfss_global_abs_mean,pdyn_mean,spearman,0.1959127079816735,144,0.1959127079816735,0.23138430784607697,76.9,0.295336186801704
ambient_without_cr2284,3.0,all,pfss_global_abs_mean,ma_mean,pearson,-0.05241989059260441,144,0.05241989059260441,0.7166416791604198,28.349999999999998,0.2242397391456563
ambient_without_cr2284,3.0,all,pfss_global_abs_mean,ma_mean,spearman,-0.10449320794148381,144,0.10449320794148381,0.3733133433283358,62.7,0.22958684993167752
